,date,disponibilidad_real
0,'2013-10-01 00:00:00',11835.32
1,'2013-10-02 00:00:00',11800.91
2,'2013-10-03 00:00:00',11867.83
3,'2013-10-04 00:00:00',12187.11
4,'2013-10-05 00:00:00',12007.72
5,'2013-10-06 00:00:00',12025.83
6,'2013-10-07 00:00:00',11944.67
7,'2013-10-08 00:00:00',11762.86
8,'2013-10-09 00:00:00',11718.31
9,'2013-10-10 00:00:00',11661.55
10,'2013-10-11 00:00:00',12113.57
11,'2013-10-12 00:00:00',11733.95
12,'2013-10-13 00:00:00',11517.33
13,'2013-10-14 00:00:00',11447.33
14,'2013-10-15 00:00:00',11682.7
15,'2013-10-16 00:00:00',11588.54
16,'2013-10-17 00:00:00',11619.1
17,'2013-10-18 00:00:00',11866.12
18,'2013-10-19 00:00:00',11456.43
19,'2013-10-20 00:00:00',11826.71
20,'2013-10-21 00:00:00',11797.44
21,'2013-10-22 00:00:00',11645.77
22,'2013-10-23 00:00:00',11790.95
23,'2013-10-24 00:00:00',11705.17
24,'2013-10-25 00:00:00',11772.83
25,'2013-10-26 00:00:00',11788.69
26,'2013-10-27 00:00:00',11664.81
27,'2013-10-28 00:00:00',11896.07
28,'2013-10-29 00:00:00',11535.09
29,'2013-10-30 00:00:00',11440.66
30,'2013-10-31 00:00:00',11401.7
31,'2013-11-01 00:00:00',11771.66
32,'2013-11-02 00:00:00',12210.19
33,'2013-11-03 00:00:00',6313.61
34,'2013-11-04 00:00:00',11963.17
35,'2013-11-05 00:00:00',11571.41
36,'2013-11-06 00:00:00',6963.67
37,'2013-11-07 00:00:00',11814.82
38,'2013-11-08 00:00:00',11829.33
39,'2013-11-09 00:00:00',11986.53
40,'2013-11-10 00:00:00',11967.7
41,'2013-11-11 00:00:00',12067.42
42,'2013-11-12 00:00:00',12144.16
43,'2013-11-13 00:00:00',12250.49
44,'2013-11-14 00:00:00',12075.28
45,'2013-11-15 00:00:00',12594.27
46,'2013-11-16 00:00:00',12384.77
47,'2013-11-17 00:00:00',12453.25
48,'2013-11-18 00:00:00',12416.52
49,'2013-11-19 00:00:00',12007.82
50,'2013-11-20 00:00:00',11896.0
51,'2013-11-21 00:00:00',ND
52,'2013-11-22 00:00:00',12527.66
53,'2013-11-23 00:00:00',12799.0
54,'2013-11-24 00:00:00',12708.83
55,'2013-11-25 00:00:00',12409.93
56,'2013-11-26 00:00:00',12135.93
57,'2013-11-27 00:00:00',12153.69
58,'2013-11-28 00:00:00',12258.29
59,'2013-11-29 00:00:00',12503.64
60,'2013-11-30 00:00:00',12709.11
61,'2013-12-01 00:00:00',12597.09
62,'2013-12-02 00:00:00',12755.83
63,'2013-12-03 00:00:00',12815.96
64,'2013-12-04 00:00:00',12998.95
65,'2013-12-05 00:00:00',12955.37
66,'2013-12-06 00:00:00',12970.45
67,'2013-12-07 00:00:00',12775.19
68,'2013-12-08 00:00:00',ND
69,'2013-12-09 00:00:00',12972.37
70,'2013-12-10 00:00:00',12950.67
71,'2013-12-11 00:00:00',13145.71
72,'2013-12-12 00:00:00',13272.37
73,'2013-12-13 00:00:00',13281.36
74,'2013-12-14 00:00:00',12801.19
75,'2013-12-15 00:00:00',12728.81
76,'2013-12-16 00:00:00',12614.58
77,'2013-12-17 00:00:00',12648.47
78,'2013-12-18 00:00:00',12580.57
79,'2013-12-19 00:00:00',12684.89
80,'2013-12-20 00:00:00',13129.56
81,'2013-12-21 00:00:00',12893.82
82,'2013-12-22 00:00:00',12751.53
83,'2013-12-23 00:00:00',13002.49
84,'2013-12-24 00:00:00',13099.88
85,'2013-12-25 00:00:00',13182.06
86,'2013-12-26 00:00:00',13327.27
87,'2013-12-27 00:00:00',13404.42
88,'2013-12-28 00:00:00',13499.66
89,'2013-12-29 00:00:00',13357.6
90,'2013-12-30 00:00:00',13318.85
91,'2013-12-31 00:00:00',13326.86
92,'2014-01-01 00:00:00',13446.69
93,'2014-01-02 00:00:00',13412.58
94,'2014-01-03 00:00:00',13166.57
95,'2014-01-04 00:00:00',13447.74
96,'2014-01-05 00:00:00',13368.46
97,'2014-01-06 00:00:00',13347.61
98,'2014-01-07 00:00:00',13312.65
99,'2014-01-08 00:00:00',12999.68
100,'2014-01-09 00:00:00',13139.29
101,'2014-01-10 00:00:00',12985.2
102,'2014-01-11 00:00:00',13056.34
103,'2014-01-12 00:00:00',13152.09
104,'2014-01-13 00:00:00',13081.3
105,'2014-01-14 00:00:00',12888.33
106,'2014-01-15 00:00:00',12700.39
107,'2014-01-16 00:00:00',12636.06
108,'2014-01-17 00:00:00',12590.35
109,'2014-01-18 00:00:00',12622.84
110,'2014-01-19 00:00:00',12650.04
111,'2014-01-20 00:00:00',12687.01
112,'2014-01-21 00:00:00',12620.82
113,'2014-01-22 00:00:00',12684.7
114,'2014-01-23 00:00:00',12447.7
115,'2014-01-24 00:00:00',12440.46
116,'2014-01-25 00:00:00',12485.52
117,'2014-01-26 00:00:00',12703.31
118,'2014-01-27 00:00:00',12668.45
119,'2014-01-28 00:00:00',12662.54
120,'2014-01-29 00:00:00',12614.54
121,'2014-01-30 00:00:00',12823.52
122,'2014-01-31 00:00:00',12928.84
123,'2014-02-01 00:00:00',12765.41
124,'2014-02-02 00:00:00',12699.44
125,'2014-02-03 00:00:00',12691.68
126,'2014-02-04 00:00:00',12462.96
127,'2014-02-05 00:00:00',12406.6
128,'2014-02-06 00:00:00',12186.95
129,'2014-02-07 00:00:00',12173.32
130,'2014-02-08 00:00:00',12197.27
131,'2014-02-09 00:00:00',12341.25
132,'2014-02-10 00:00:00',12342.7
133,'2014-02-11 00:00:00',12195.81
134,'2014-02-12 00:00:00',12194.19
135,'2014-02-13 00:00:00',12289.93
136,'2014-02-14 00:00:00',12399.66
137,'2014-02-15 00:00:00',12313.69
138,'2014-02-16 00:00:00',12315.91
139,'2014-02-17 00:00:00',12480.5
140,'2014-02-18 00:00:00',12344.3
141,'2014-02-19 00:00:00',12306.23
142,'2014-02-20 00:00:00',12296.6
143,'2014-02-21 00:00:00',12301.62
144,'2014-02-22 00:00:00',11847.06
145,'2014-02-23 00:00:00',12026.5
146,'2014-02-24 00:00:00',11633.43
147,'2014-02-25 00:00:00',11722.86
148,'2014-02-26 00:00:00',12039.26
149,'2014-02-27 00:00:00',11960.14
150,'2014-02-28 00:00:00',11919.23
151,'2014-03-01 00:00:00',12151.93
152,'2014-03-02 00:00:00',12358.57
153,'2014-03-03 00:00:00',12080.01
154,'2014-03-04 00:00:00',11802.21
155,'2014-03-05 00:00:00',11681.75
156,'2014-03-06 00:00:00',11640.1
157,'2014-03-07 00:00:00',12144.25
158,'2014-03-08 00:00:00',12195.45
159,'2014-03-09 00:00:00',12258.85
160,'2014-03-10 00:00:00',12177.2
161,'2014-03-11 00:00:00',11696.11
162,'2014-03-12 00:00:00',11716.7
163,'2014-03-13 00:00:00',11810.35
164,'2014-03-14 00:00:00',11879.24
165,'2014-03-15 00:00:00',12023.29
166,'2014-03-16 00:00:00',11918.95
167,'2014-03-17 00:00:00',12015.87
168,'2014-03-18 00:00:00',12006.04
169,'2014-03-19 00:00:00',6373.73
170,'2014-03-20 00:00:00',11991.5
171,'2014-03-21 00:00:00',11921.54
172,'2014-03-22 00:00:00',11481.97
173,'2014-03-23 00:00:00',11582.46
174,'2014-03-24 00:00:00',11738.33
175,'2014-03-25 00:00:00',11812.71
176,'2014-03-26 00:00:00',11763.3
177,'2014-03-27 00:00:00',12055.19
178,'2014-03-28 00:00:00',12067.14
179,'2014-03-29 00:00:00',12100.16
180,'2014-03-30 00:00:00',11972.14
181,'2014-03-31 00:00:00',12100.31
182,'2014-04-01 00:00:00',12054.32
183,'2014-04-02 00:00:00',11982.7
184,'2014-04-03 00:00:00',12049.97
185,'2014-04-04 00:00:00',12251.92
186,'2014-04-05 00:00:00',12293.52
187,'2014-04-06 00:00:00',12232.89
188,'2014-04-07 00:00:00',12043.62
189,'2014-04-08 00:00:00',12030.52
190,'2014-04-09 00:00:00',11805.01
191,'2014-04-10 00:00:00',11981.64
192,'2014-04-11 00:00:00',12167.14
193,'2014-04-12 00:00:00',5274.2
194,'2014-04-13 00:00:00',11933.13
195,'2014-04-14 00:00:00',11937.06
196,'2014-04-15 00:00:00',11791.67
197,'2014-04-16 00:00:00',11958.43
198,'2014-04-17 00:00:00',12014.67
199,'2014-04-18 00:00:00',11777.53
200,'2014-04-19 00:00:00',11804.44
201,'2014-04-20 00:00:00',11954.11
202,'2014-04-21 00:00:00',11557.3
203,'2014-04-22 00:00:00',11396.19
204,'2014-04-23 00:00:00',11321.62
205,'2014-04-24 00:00:00',11296.18
206,'2014-04-25 00:00:00',11453.54
207,'2014-04-26 00:00:00',11152.43
208,'2014-04-27 00:00:00',11305.22
209,'2014-04-28 00:00:00',11512.75
210,'2014-04-29 00:00:00',11161.11
211,'2014-04-30 00:00:00',11363.6
212,'2014-05-01 00:00:00',11269.47
213,'2014-05-02 00:00:00',11468.59
214,'2014-05-03 00:00:00',11515.68
215,'2014-05-04 00:00:00',11675.28
216,'2014-05-05 00:00:00',11458.37
217,'2014-05-06 00:00:00',11266.32
218,'2014-05-07 00:00:00',11275.91
219,'2014-05-08 00:00:00',11329.39
220,'2014-05-09 00:00:00',11666.51
221,'2014-05-10 00:00:00',11035.1
222,'2014-05-11 00:00:00',10982.65
223,'2014-05-12 00:00:00',11312.97
224,'2014-05-13 00:00:00',11230.74
225,'2014-05-14 00:00:00',11592.52
226,'2014-05-15 00:00:00',11913.32
227,'2014-05-16 00:00:00',12034.68
228,'2014-05-17 00:00:00',11814.4
229,'2014-05-18 00:00:00',11332.94
230,'2014-05-19 00:00:00',12216.49
231,'2014-05-20 00:00:00',12364.51
232,'2014-05-21 00:00:00',12587.73
233,'2014-05-22 00:00:00',12314.92
234,'2014-05-23 00:00:00',12181.32
235,'2014-05-24 00:00:00',11891.57
236,'2014-05-25 00:00:00',12421.89
237,'2014-05-26 00:00:00',12087.02
238,'2014-05-27 00:00:00',11903.37
239,'2014-05-28 00:00:00',12061.01
240,'2014-05-29 00:00:00',11731.81
241,'2014-05-30 00:00:00',12029.15
242,'2014-05-31 00:00:00',12132.95
243,'2014-06-01 00:00:00',12005.01
244,'2014-06-02 00:00:00',12096.58
245,'2014-06-03 00:00:00',12287.86
246,'2014-06-04 00:00:00',11945.27
247,'2014-06-05 00:00:00',11975.04
248,'2014-06-06 00:00:00',11993.85
249,'2014-06-07 00:00:00',11879.18
250,'2014-06-08 00:00:00',11460.48
251,'2014-06-09 00:00:00',11912.44
252,'2014-06-10 00:00:00',12223.94
253,'2014-06-11 00:00:00',11636.87
254,'2014-06-12 00:00:00',12142.62
255,'2014-06-13 00:00:00',12112.93
256,'2014-06-14 00:00:00',11993.93
257,'2014-06-15 00:00:00',11909.99
258,'2014-06-16 00:00:00',12253.2
259,'2014-06-17 00:00:00',11790.63
260,'2014-06-18 00:00:00',11890.06
261,'2014-06-19 00:00:00',11892.79
262,'2014-06-20 00:00:00',12083.66
263,'2014-06-21 00:00:00',11733.98
264,'2014-06-22 00:00:00',11730.18
265,'2014-06-23 00:00:00',12011.8
266,'2014-06-24 00:00:00',12119.29
267,'2014-06-25 00:00:00',11944.39
268,'2014-06-26 00:00:00',12098.43
269,'2014-06-27 00:00:00',12076.97
270,'2014-06-28 00:00:00',12300.75
271,'2014-06-29 00:00:00',12211.87
272,'2014-06-30 00:00:00',12066.23
273,'2014-07-01 00:00:00',12051.98
274,'2014-07-02 00:00:00',12472.41
275,'2014-07-03 00:00:00',12573.93
276,'2014-07-04 00:00:00',11976.15
277,'2014-07-05 00:00:00',12322.04
278,'2014-07-06 00:00:00',12480.93
279,'2014-07-07 00:00:00',11782.09
280,'2014-07-08 00:00:00',11564.42
281,'2014-07-09 00:00:00',11838.8
282,'2014-07-10 00:00:00',11832.61
283,'2014-07-11 00:00:00',12062.65
284,'2014-07-12 00:00:00',11737.05
285,'2014-07-13 00:00:00',11684.68
286,'2014-07-14 00:00:00',11623.79
287,'2014-07-15 00:00:00',11474.16
288,'2014-07-16 00:00:00',11296.33
289,'2014-07-17 00:00:00',11398.35
290,'2014-07-18 00:00:00',11681.68
291,'2014-07-19 00:00:00',11585.64
292,'2014-07-20 00:00:00',11712.04
293,'2014-07-21 00:00:00',11403.24
294,'2014-07-22 00:00:00',11708.51
295,'2014-07-23 00:00:00',11323.25
296,'2014-07-24 00:00:00',11620.06
297,'2014-07-25 00:00:00',11663.23
298,'2014-07-26 00:00:00',11723.06
299,'2014-07-27 00:00:00',11440.86
300,'2014-07-28 00:00:00',11240.42
301,'2014-07-29 00:00:00',11018.54
302,'2014-07-30 00:00:00',11316.21
303,'2014-07-31 00:00:00',11609.49
304,'2014-08-01 00:00:00',11598.52
305,'2014-08-02 00:00:00',11209.94
306,'2014-08-03 00:00:00',11079.01
307,'2014-08-04 00:00:00',11122.42
308,'2014-08-05 00:00:00',10972.47
309,'2014-08-06 00:00:00',11389.31
310,'2014-08-07 00:00:00',11587.55
311,'2014-08-08 00:00:00',12356.22
312,'2014-08-09 00:00:00',12325.35
313,'2014-08-10 00:00:00',12403.39
314,'2014-08-11 00:00:00',11699.33
315,'2014-08-12 00:00:00',11054.28
316,'2014-08-13 00:00:00',11774.37
317,'2014-08-14 00:00:00',11527.9
318,'2014-08-15 00:00:00',11515.0
319,'2014-08-16 00:00:00',11394.22
320,'2014-08-17 00:00:00',11853.93
321,'2014-08-18 00:00:00',11408.6
322,'2014-08-19 00:00:00',11092.34
323,'2014-08-20 00:00:00',10939.71
324,'2014-08-21 00:00:00',11179.37
325,'2014-08-22 00:00:00',11216.35
326,'2014-08-23 00:00:00',11727.24
327,'2014-08-24 00:00:00',12089.3
328,'2014-08-25 00:00:00',11807.52
329,'2014-08-26 00:00:00',11423.78
330,'2014-08-27 00:00:00',11453.36
331,'2014-08-28 00:00:00',11251.87
332,'2014-08-29 00:00:00',11498.64
333,'2014-08-30 00:00:00',12123.96
334,'2014-08-31 00:00:00',12109.39
335,'2014-09-01 00:00:00',11743.23
336,'2014-09-02 00:00:00',11612.56
337,'2014-09-03 00:00:00',11563.5
338,'2014-09-04 00:00:00',12186.86
339,'2014-09-05 00:00:00',12352.66
340,'2014-09-06 00:00:00',12411.97
341,'2014-09-07 00:00:00',11589.51
342,'2014-09-08 00:00:00',12152.04
343,'2014-09-09 00:00:00',12245.82
344,'2014-09-10 00:00:00',11654.67
345,'2014-09-11 00:00:00',11689.85
346,'2014-09-12 00:00:00',11822.48
347,'2014-09-13 00:00:00',11899.5
348,'2014-09-14 00:00:00',12101.62
349,'2014-09-15 00:00:00',12392.47
350,'2014-09-16 00:00:00',12261.1
351,'2014-09-17 00:00:00',12335.68
352,'2014-09-18 00:00:00',12301.87
353,'2014-09-19 00:00:00',12463.69
354,'2014-09-20 00:00:00',12709.03
355,'2014-09-21 00:00:00',12737.63
356,'2014-09-22 00:00:00',11939.75
357,'2014-09-23 00:00:00',12068.34
358,'2014-09-24 00:00:00',12087.16
359,'2014-09-25 00:00:00',11978.96
360,'2014-09-26 00:00:00',11572.8
361,'2014-09-27 00:00:00',11572.51
362,'2014-09-28 00:00:00',11406.38
363,'2014-09-29 00:00:00',11834.04
364,'2014-09-30 00:00:00',12250.31
365,'2014-10-01 00:00:00',12088.97
366,'2014-10-02 00:00:00',11773.09
367,'2014-10-03 00:00:00',11833.26
368,'2014-10-04 00:00:00',11778.76
369,'2014-10-05 00:00:00',11631.52
370,'2014-10-06 00:00:00',12170.87
371,'2014-10-07 00:00:00',12022.52
372,'2014-10-08 00:00:00',12096.58
373,'2014-10-09 00:00:00',12428.29
374,'2014-10-10 00:00:00',12543.25
375,'2014-10-11 00:00:00',12118.82
376,'2014-10-12 00:00:00',12173.42
377,'2014-10-13 00:00:00',12166.88
378,'2014-10-14 00:00:00',12035.87
379,'2014-10-15 00:00:00',12062.21
380,'2014-10-16 00:00:00',11750.95
381,'2014-10-17 00:00:00',11524.62
382,'2014-10-18 00:00:00',11925.55
383,'2014-10-19 00:00:00',12245.15
384,'2014-10-20 00:00:00',12008.13
385,'2014-10-21 00:00:00',11858.23
386,'2014-10-22 00:00:00',11648.64
387,'2014-10-23 00:00:00',11855.28
388,'2014-10-24 00:00:00',11709.99
389,'2014-10-25 00:00:00',11679.81
390,'2014-10-26 00:00:00',11677.45
391,'2014-10-27 00:00:00',12071.79
392,'2014-10-28 00:00:00',11632.34
393,'2014-10-29 00:00:00',11186.54
394,'2014-10-30 00:00:00',11575.18
395,'2014-10-31 00:00:00',12252.26
396,'2014-11-01 00:00:00',11853.23
397,'2014-11-02 00:00:00',12061.67
398,'2014-11-03 00:00:00',12268.65
399,'2014-11-04 00:00:00',12117.52
400,'2014-11-05 00:00:00',12036.24
401,'2014-11-06 00:00:00',12025.83
402,'2014-11-07 00:00:00',ND
403,'2014-11-08 00:00:00',11134.78
404,'2014-11-09 00:00:00',11604.25
405,'2014-11-10 00:00:00',11880.1
406,'2014-11-11 00:00:00',11410.93
407,'2014-11-12 00:00:00',11659.71
408,'2014-11-13 00:00:00',11603.66
409,'2014-11-14 00:00:00',11897.95
410,'2014-11-15 00:00:00',12092.27
411,'2014-11-16 00:00:00',12101.35
412,'2014-11-17 00:00:00',12258.9
413,'2014-11-18 00:00:00',11977.87
414,'2014-11-19 00:00:00',11732.28
415,'2014-11-20 00:00:00',12179.86
416,'2014-11-21 00:00:00',12174.5
417,'2014-11-22 00:00:00',11925.59
418,'2014-11-23 00:00:00',12301.69
419,'2014-11-24 00:00:00',11972.89
420,'2014-11-25 00:00:00',11692.37
421,'2014-11-26 00:00:00',11793.55
422,'2014-11-27 00:00:00',11870.62
423,'2014-11-28 00:00:00',12138.98
424,'2014-11-29 00:00:00',12113.78
425,'2014-11-30 00:00:00',12239.51
426,'2014-12-01 00:00:00',12306.12
427,'2014-12-02 00:00:00',12452.48
428,'2014-12-03 00:00:00',12630.5
429,'2014-12-04 00:00:00',12743.57
430,'2014-12-05 00:00:00',12605.21
431,'2014-12-06 00:00:00',12644.07
432,'2014-12-07 00:00:00',12504.77
433,'2014-12-08 00:00:00',13093.25
434,'2014-12-09 00:00:00',13144.24
435,'2014-12-10 00:00:00',12932.86
436,'2014-12-11 00:00:00',12852.0
437,'2014-12-12 00:00:00',12961.71
438,'2014-12-13 00:00:00',12620.37
439,'2014-12-14 00:00:00',13081.92
440,'2014-12-15 00:00:00',13396.22
441,'2014-12-16 00:00:00',13139.6
442,'2014-12-17 00:00:00',13196.94
443,'2014-12-18 00:00:00',13256.4
444,'2014-12-19 00:00:00',13216.99
445,'2014-12-20 00:00:00',12241.78
446,'2014-12-21 00:00:00',12350.89
447,'2014-12-22 00:00:00',12160.95
448,'2014-12-23 00:00:00',12847.76
449,'2014-12-24 00:00:00',12496.6
450,'2014-12-25 00:00:00',12981.66
451,'2014-12-26 00:00:00',13296.43
452,'2014-12-27 00:00:00',13265.53
453,'2014-12-28 00:00:00',12953.57
454,'2014-12-29 00:00:00',13311.18
455,'2014-12-30 00:00:00',12733.47
456,'2014-12-31 00:00:00',12986.93
457,'2015-01-01 00:00:00',12506.88
458,'2015-01-02 00:00:00',12424.5
459,'2015-01-03 00:00:00',12996.66
460,'2015-01-04 00:00:00',12951.82
461,'2015-01-05 00:00:00',12967.88
462,'2015-01-06 00:00:00',12795.89
463,'2015-01-07 00:00:00',12478.63
464,'2015-01-08 00:00:00',12430.17
465,'2015-01-09 00:00:00',12770.33
466,'2015-01-10 00:00:00',12249.14
467,'2015-01-11 00:00:00',12170.17
468,'2015-01-12 00:00:00',12730.22
469,'2015-01-13 00:00:00',12935.93
470,'2015-01-14 00:00:00',12526.91
471,'2015-01-15 00:00:00',12523.76
472,'2015-01-16 00:00:00',ND
473,'2015-01-17 00:00:00',11586.51
474,'2015-01-18 00:00:00',12454.17
475,'2015-01-19 00:00:00',12509.78
476,'2015-01-20 00:00:00',12422.33
477,'2015-01-21 00:00:00',12206.64
478,'2015-01-22 00:00:00',12283.8
479,'2015-01-23 00:00:00',12341.65
480,'2015-01-24 00:00:00',11910.54
481,'2015-01-25 00:00:00',11956.26
482,'2015-01-26 00:00:00',12159.21
483,'2015-01-27 00:00:00',12152.83
484,'2015-01-28 00:00:00',11995.51
485,'2015-01-29 00:00:00',12380.8
486,'2015-01-30 00:00:00',11754.7
487,'2015-01-31 00:00:00',12501.87
488,'2015-02-01 00:00:00',12538.95
489,'2015-02-02 00:00:00',12651.22
490,'2015-02-03 00:00:00',12249.85
491,'2015-02-04 00:00:00',12514.82
492,'2015-02-05 00:00:00',12288.73
493,'2015-02-06 00:00:00',12773.99
494,'2015-02-07 00:00:00',12448.06
495,'2015-02-08 00:00:00',12594.47
496,'2015-02-09 00:00:00',12262.91
497,'2015-02-10 00:00:00',12215.4
498,'2015-02-11 00:00:00',12194.07
499,'2015-02-12 00:00:00',11890.25
500,'2015-02-13 00:00:00',11905.06
501,'2015-02-14 00:00:00',12408.01
502,'2015-02-15 00:00:00',12727.11
503,'2015-02-16 00:00:00',12375.27
504,'2015-02-17 00:00:00',12255.76
505,'2015-02-18 00:00:00',12450.34
506,'2015-02-19 00:00:00',12521.69
507,'2015-02-20 00:00:00',12369.61
508,'2015-02-21 00:00:00',12463.63
509,'2015-02-22 00:00:00',12315.47
510,'2015-02-23 00:00:00',12505.69
511,'2015-02-24 00:00:00',12541.49
512,'2015-02-25 00:00:00',12364.59
513,'2015-02-26 00:00:00',12200.63
514,'2015-02-27 00:00:00',12842.49
515,'2015-02-28 00:00:00',12989.93
516,'2015-03-01 00:00:00',12740.66
517,'2015-03-02 00:00:00',12621.63
518,'2015-03-03 00:00:00',12060.16
519,'2015-03-04 00:00:00',11952.62
520,'2015-03-05 00:00:00',11687.49
521,'2015-03-06 00:00:00',12070.77
522,'2015-03-07 00:00:00',12574.48
523,'2015-03-08 00:00:00',12640.06
524,'2015-03-09 00:00:00',12757.95
525,'2015-03-10 00:00:00',12443.66
526,'2015-03-11 00:00:00',12479.19
527,'2015-03-12 00:00:00',12537.22
528,'2015-03-13 00:00:00',12787.12
529,'2015-03-14 00:00:00',12406.03
530,'2015-03-15 00:00:00',12344.18
531,'2015-03-16 00:00:00',12618.36
532,'2015-03-17 00:00:00',12342.78
533,'2015-03-18 00:00:00',12736.33
534,'2015-03-19 00:00:00',12237.99
535,'2015-03-20 00:00:00',12514.25
536,'2015-03-21 00:00:00',12253.49
537,'2015-03-22 00:00:00',12534.66
538,'2015-03-23 00:00:00',12667.48
539,'2015-03-24 00:00:00',12640.18
540,'2015-03-25 00:00:00',11728.08
541,'2015-03-26 00:00:00',12068.01
542,'2015-03-27 00:00:00',12428.93
543,'2015-03-28 00:00:00',12277.42
544,'2015-03-29 00:00:00',12311.99
545,'2015-03-30 00:00:00',12477.07
546,'2015-03-31 00:00:00',12638.84
547,'2015-04-01 00:00:00',12567.57
548,'2015-04-02 00:00:00',12498.82
549,'2015-04-03 00:00:00',12611.66
550,'2015-04-04 00:00:00',12248.07
551,'2015-04-05 00:00:00',12162.94
552,'2015-04-06 00:00:00',11589.47
553,'2015-04-07 00:00:00',11978.96
554,'2015-04-08 00:00:00',11978.25
555,'2015-04-09 00:00:00',12180.67
556,'2015-04-10 00:00:00',12656.34
557,'2015-04-11 00:00:00',12571.72
558,'2015-04-12 00:00:00',12801.09
559,'2015-04-13 00:00:00',12640.0
560,'2015-04-14 00:00:00',12229.8
561,'2015-04-15 00:00:00',12377.44
562,'2015-04-16 00:00:00',12735.77
563,'2015-04-17 00:00:00',12862.91
564,'2015-04-18 00:00:00',12938.52
565,'2015-04-19 00:00:00',13090.32
566,'2015-04-20 00:00:00',12876.8
567,'2015-04-21 00:00:00',12695.31
568,'2015-04-22 00:00:00',12635.78
569,'2015-04-23 00:00:00',12717.52
570,'2015-04-24 00:00:00',12959.56
571,'2015-04-25 00:00:00',13145.05
572,'2015-04-26 00:00:00',12816.21
573,'2015-04-27 00:00:00',13203.25
574,'2015-04-28 00:00:00',12801.52
575,'2015-04-29 00:00:00',12882.41
576,'2015-04-30 00:00:00',13004.97
577,'2015-05-01 00:00:00',12912.19
578,'2015-05-02 00:00:00',13187.93
579,'2015-05-03 00:00:00',12991.88
580,'2015-05-04 00:00:00',13202.97
581,'2015-05-05 00:00:00',12836.74
582,'2015-05-06 00:00:00',12693.53
583,'2015-05-07 00:00:00',12650.41
584,'2015-05-08 00:00:00',12983.06
585,'2015-05-09 00:00:00',12788.21
586,'2015-05-10 00:00:00',12431.64
587,'2015-05-11 00:00:00',12257.52
588,'2015-05-12 00:00:00',11982.24
589,'2015-05-13 00:00:00',11731.75
590,'2015-05-14 00:00:00',11742.73
591,'2015-05-15 00:00:00',11760.48
592,'2015-05-16 00:00:00',12455.21
593,'2015-05-17 00:00:00',11790.14
594,'2015-05-18 00:00:00',11437.1
595,'2015-05-19 00:00:00',11499.82
596,'2015-05-20 00:00:00',12286.61
597,'2015-05-21 00:00:00',12209.83
598,'2015-05-22 00:00:00',12511.03
599,'2015-05-23 00:00:00',12474.6
600,'2015-05-24 00:00:00',12518.5
601,'2015-05-25 00:00:00',11884.16
602,'2015-05-26 00:00:00',12043.93
603,'2015-05-27 00:00:00',12214.88
604,'2015-05-28 00:00:00',12174.06
605,'2015-05-29 00:00:00',12217.85
606,'2015-05-30 00:00:00',12433.45
607,'2015-05-31 00:00:00',12403.62
608,'2015-06-01 00:00:00',12498.68
609,'2015-06-02 00:00:00',12670.32
610,'2015-06-03 00:00:00',12877.09
611,'2015-06-04 00:00:00',12851.63
612,'2015-06-05 00:00:00',12748.7
613,'2015-06-06 00:00:00',12676.48
614,'2015-06-07 00:00:00',13011.29
615,'2015-06-08 00:00:00',13064.11
616,'2015-06-09 00:00:00',12713.76
617,'2015-06-10 00:00:00',12251.5
618,'2015-06-11 00:00:00',12175.32
619,'2015-06-12 00:00:00',11986.47
620,'2015-06-13 00:00:00',12006.75
621,'2015-06-14 00:00:00',11728.13
622,'2015-06-15 00:00:00',11820.27
623,'2015-06-16 00:00:00',12366.82
624,'2015-06-17 00:00:00',12051.0
625,'2015-06-18 00:00:00',12028.02
626,'2015-06-19 00:00:00',12568.86
627,'2015-06-20 00:00:00',12327.23
628,'2015-06-21 00:00:00',12508.08
629,'2015-06-22 00:00:00',12804.12
630,'2015-06-23 00:00:00',12857.39
631,'2015-06-24 00:00:00',12717.71
632,'2015-06-25 00:00:00',12523.72
633,'2015-06-26 00:00:00',12658.11
634,'2015-06-27 00:00:00',12866.71
635,'2015-06-28 00:00:00',12390.93
636,'2015-06-29 00:00:00',12530.47
637,'2015-06-30 00:00:00',12560.65
638,'2015-07-01 00:00:00',12517.79
639,'2015-07-02 00:00:00',12438.84
640,'2015-07-03 00:00:00',12659.0
641,'2015-07-04 00:00:00',12364.52
642,'2015-07-05 00:00:00',11677.95
643,'2015-07-06 00:00:00',11735.02
644,'2015-07-07 00:00:00',12422.42
645,'2015-07-08 00:00:00',ND
646,'2015-07-09 00:00:00',12298.16
647,'2015-07-10 00:00:00',12025.76
648,'2015-07-11 00:00:00',12399.64
649,'2015-07-12 00:00:00',ND
650,'2015-07-13 00:00:00',12346.66
651,'2015-07-14 00:00:00',11973.15
652,'2015-07-15 00:00:00',12053.46
653,'2015-07-16 00:00:00',11714.38
654,'2015-07-17 00:00:00',12062.74
655,'2015-07-18 00:00:00',12001.1
656,'2015-07-19 00:00:00',11869.74
657,'2015-07-20 00:00:00',11959.27
658,'2015-07-21 00:00:00',12415.1
659,'2015-07-22 00:00:00',12341.49
660,'2015-07-23 00:00:00',12553.95
661,'2015-07-24 00:00:00',12985.65
662,'2015-07-25 00:00:00',12720.89
663,'2015-07-26 00:00:00',12738.06
664,'2015-07-27 00:00:00',12977.09
665,'2015-07-28 00:00:00',13027.12
666,'2015-07-29 00:00:00',12733.47
667,'2015-07-30 00:00:00',13054.89
668,'2015-07-31 00:00:00',13317.79
669,'2015-08-01 00:00:00',13171.0
670,'2015-08-02 00:00:00',13022.7
671,'2015-08-03 00:00:00',13007.18
672,'2015-08-04 00:00:00',12707.16
673,'2015-08-05 00:00:00',12671.77
674,'2015-08-06 00:00:00',12944.23
675,'2015-08-07 00:00:00',12938.21
676,'2015-08-08 00:00:00',12726.93
677,'2015-08-09 00:00:00',12953.62
678,'2015-08-10 00:00:00',13176.83
679,'2015-08-11 00:00:00',12503.25
680,'2015-08-12 00:00:00',12585.95
681,'2015-08-13 00:00:00',12409.53
682,'2015-08-14 00:00:00',12450.6
683,'2015-08-15 00:00:00',12149.8
684,'2015-08-16 00:00:00',12044.5
685,'2015-08-17 00:00:00',11975.12
686,'2015-08-18 00:00:00',12263.32
687,'2015-08-19 00:00:00',12456.97
688,'2015-08-20 00:00:00',12331.4
689,'2015-08-21 00:00:00',12570.99
690,'2015-08-22 00:00:00',12802.87
691,'2015-08-23 00:00:00',12721.07
692,'2015-08-24 00:00:00',12905.83
693,'2015-08-25 00:00:00',12809.18
694,'2015-08-26 00:00:00',12746.68
695,'2015-08-27 00:00:00',12858.07
696,'2015-08-28 00:00:00',13085.82
697,'2015-08-29 00:00:00',13018.39
698,'2015-08-30 00:00:00',12814.91
699,'2015-08-31 00:00:00',13111.72
700,'2015-09-01 00:00:00',12128.26
701,'2015-09-02 00:00:00',12113.68
702,'2015-09-03 00:00:00',11744.73
703,'2015-09-04 00:00:00',11850.41
704,'2015-09-05 00:00:00',12461.4
705,'2015-09-06 00:00:00',12435.75
706,'2015-09-07 00:00:00',12974.4
707,'2015-09-08 00:00:00',12668.62
708,'2015-09-09 00:00:00',12332.21
709,'2015-09-10 00:00:00',12716.29
710,'2015-09-11 00:00:00',ND
711,'2015-09-12 00:00:00',12526.59
712,'2015-09-13 00:00:00',12463.47
713,'2015-09-14 00:00:00',12769.59
714,'2015-09-15 00:00:00',11339.18
715,'2015-09-16 00:00:00',11492.14
716,'2015-09-17 00:00:00',11427.44
717,'2015-09-18 00:00:00',11630.57
718,'2015-09-19 00:00:00',11654.91
719,'2015-09-20 00:00:00',11317.44
720,'2015-09-21 00:00:00',11146.14
721,'2015-09-22 00:00:00',11213.11
722,'2015-09-23 00:00:00',11979.38
723,'2015-09-24 00:00:00',10409.47
724,'2015-09-25 00:00:00',11689.72
725,'2015-09-26 00:00:00',11601.59
726,'2015-09-27 00:00:00',11540.23
727,'2015-09-28 00:00:00',11383.09
728,'2015-09-29 00:00:00',10105.34
729,'2015-09-30 00:00:00',10295.27
730,'2015-10-01 00:00:00',9331.9
731,'2015-10-02 00:00:00',9067.0
732,'2015-10-03 00:00:00',8850.33
733,'2015-10-04 00:00:00',9092.95
734,'2015-10-05 00:00:00',9684.12
735,'2015-10-06 00:00:00',9596.63
736,'2015-10-07 00:00:00',9435.17
737,'2015-10-08 00:00:00',9159.26
738,'2015-10-09 00:00:00',9791.37
739,'2015-10-10 00:00:00',9566.95
740,'2015-10-11 00:00:00',10763.79
741,'2015-10-12 00:00:00',10504.47
742,'2015-10-13 00:00:00',10480.57
743,'2015-10-14 00:00:00',10714.39
744,'2015-10-15 00:00:00',10703.53
745,'2015-10-16 00:00:00',11912.72
746,'2015-10-17 00:00:00',11372.18
747,'2015-10-18 00:00:00',11236.37
748,'2015-10-19 00:00:00',11655.12
749,'2015-10-20 00:00:00',10984.23
750,'2015-10-21 00:00:00',11450.37
751,'2015-10-22 00:00:00',11455.74
752,'2015-10-23 00:00:00',10704.97
753,'2015-10-24 00:00:00',11289.46
754,'2015-10-25 00:00:00',11093.38
755,'2015-10-26 00:00:00',11009.11
756,'2015-10-27 00:00:00',11077.67
757,'2015-10-28 00:00:00',10828.97
758,'2015-10-29 00:00:00',10651.3
759,'2015-10-30 00:00:00',10724.28
760,'2015-10-31 00:00:00',10402.67
761,'2015-11-01 00:00:00',9981.06
762,'2015-11-02 00:00:00',10391.24
763,'2015-11-03 00:00:00',11094.84
764,'2015-11-04 00:00:00',10854.51
765,'2015-11-05 00:00:00',10784.79
766,'2015-11-06 00:00:00',10616.77
767,'2015-11-07 00:00:00',11269.88
768,'2015-11-08 00:00:00',11229.46
769,'2015-11-09 00:00:00',11278.42
770,'2015-11-10 00:00:00',11199.07
771,'2015-11-11 00:00:00',11668.69
772,'2015-11-12 00:00:00',11709.7
773,'2015-11-13 00:00:00',11636.33
774,'2015-11-14 00:00:00',11444.2
775,'2015-11-15 00:00:00',10285.25
776,'2015-11-16 00:00:00',11095.87
777,'2015-11-17 00:00:00',11570.8
778,'2015-11-18 00:00:00',11542.23
779,'2015-11-19 00:00:00',11561.41
780,'2015-11-20 00:00:00',11966.29
781,'2015-11-21 00:00:00',12019.41
782,'2015-11-22 00:00:00',11391.03
783,'2015-11-23 00:00:00',11892.23
784,'2015-11-24 00:00:00',11811.34
785,'2015-11-25 00:00:00',12021.97
786,'2015-11-26 00:00:00',11850.43
787,'2015-11-27 00:00:00',12016.48
788,'2015-11-28 00:00:00',11906.28
789,'2015-11-29 00:00:00',11792.91
790,'2015-11-30 00:00:00',11627.9
791,'2015-12-01 00:00:00',11868.21
792,'2015-12-02 00:00:00',11891.93
793,'2015-12-03 00:00:00',12323.93
794,'2015-12-04 00:00:00',12640.47
795,'2015-12-05 00:00:00',12463.16
796,'2015-12-06 00:00:00',12477.62
797,'2015-12-07 00:00:00',12827.26
798,'2015-12-08 00:00:00',12772.75
799,'2015-12-09 00:00:00',12886.34
800,'2015-12-10 00:00:00',12863.68
801,'2015-12-11 00:00:00',12850.18
802,'2015-12-12 00:00:00',12669.46
803,'2015-12-13 00:00:00',12340.11
804,'2015-12-14 00:00:00',13021.76
805,'2015-12-15 00:00:00',12818.47
806,'2015-12-16 00:00:00',12680.98
807,'2015-12-17 00:00:00',12612.85
808,'2015-12-18 00:00:00',11756.43
809,'2015-12-19 00:00:00',11754.08
810,'2015-12-20 00:00:00',11821.05
811,'2015-12-21 00:00:00',11812.32
812,'2015-12-22 00:00:00',11899.36
813,'2015-12-23 00:00:00',11932.11
814,'2015-12-24 00:00:00',12441.4
815,'2015-12-25 00:00:00',12804.3
816,'2015-12-26 00:00:00',12840.17
817,'2015-12-27 00:00:00',12779.69
818,'2015-12-28 00:00:00',12792.71
819,'2015-12-29 00:00:00',12832.17
820,'2015-12-30 00:00:00',12809.29
821,'2015-12-31 00:00:00',12968.21
822,'2016-01-01 00:00:00',12740.62
823,'2016-01-02 00:00:00',12937.04
824,'2016-01-03 00:00:00',12846.57
825,'2016-01-04 00:00:00',12884.56
826,'2016-01-05 00:00:00',12746.69
827,'2016-01-06 00:00:00',12755.25
828,'2016-01-07 00:00:00',13001.73
829,'2016-01-08 00:00:00',12890.87
830,'2016-01-09 00:00:00',12718.23
831,'2016-01-10 00:00:00',12919.21
832,'2016-01-11 00:00:00',12850.95
833,'2016-01-12 00:00:00',12675.69
834,'2016-01-13 00:00:00',12495.13
835,'2016-01-14 00:00:00',12476.4
836,'2016-01-15 00:00:00',12444.71
837,'2016-01-16 00:00:00',12962.8
838,'2016-01-17 00:00:00',13142.53
839,'2016-01-18 00:00:00',12994.89
840,'2016-01-19 00:00:00',12788.78
841,'2016-01-20 00:00:00',12745.53
842,'2016-01-21 00:00:00',12617.52
843,'2016-01-22 00:00:00',12922.55
844,'2016-01-23 00:00:00',12688.72
845,'2016-01-24 00:00:00',12460.84
846,'2016-01-25 00:00:00',12831.66
847,'2016-01-26 00:00:00',12733.31
848,'2016-01-27 00:00:00',12780.08
849,'2016-01-28 00:00:00',12984.17
850,'2016-01-29 00:00:00',13415.02
851,'2016-01-30 00:00:00',13343.89
852,'2016-01-31 00:00:00',13289.47
853,'2016-02-01 00:00:00',13235.74
854,'2016-02-02 00:00:00',12912.75
855,'2016-02-03 00:00:00',12817.73
856,'2016-02-04 00:00:00',12721.73
857,'2016-02-05 00:00:00',12914.59
858,'2016-02-06 00:00:00',12910.83
859,'2016-02-07 00:00:00',12828.64
860,'2016-02-08 00:00:00',12936.71
861,'2016-02-09 00:00:00',12990.98
862,'2016-02-10 00:00:00',13017.66
863,'2016-02-11 00:00:00',13023.66
864,'2016-02-12 00:00:00',12634.62
865,'2016-02-13 00:00:00',12289.27
866,'2016-02-14 00:00:00',12536.99
867,'2016-02-15 00:00:00',12653.29
868,'2016-02-16 00:00:00',12039.21
869,'2016-02-17 00:00:00',12040.07
870,'2016-02-18 00:00:00',12035.59
871,'2016-02-19 00:00:00',11719.87
872,'2016-02-20 00:00:00',11734.22
873,'2016-02-21 00:00:00',11749.19
874,'2016-02-22 00:00:00',11586.4
875,'2016-02-23 00:00:00',11353.69
876,'2016-02-24 00:00:00',11464.21
877,'2016-02-25 00:00:00',11438.7
878,'2016-02-26 00:00:00',11670.77
879,'2016-02-27 00:00:00',11488.48
880,'2016-02-28 00:00:00',11136.95
881,'2016-02-29 00:00:00',11356.08
882,'2016-03-01 00:00:00',10993.44
883,'2016-03-02 00:00:00',10974.19
884,'2016-03-03 00:00:00',11469.45
885,'2016-03-04 00:00:00',10884.59
886,'2016-03-05 00:00:00',11315.48
887,'2016-03-06 00:00:00',11413.58
888,'2016-03-07 00:00:00',11656.81
889,'2016-03-08 00:00:00',11332.16
890,'2016-03-09 00:00:00',11646.86
891,'2016-03-10 00:00:00',11633.84
892,'2016-03-11 00:00:00',11863.86
893,'2016-03-12 00:00:00',11771.59
894,'2016-03-13 00:00:00',11616.23
895,'2016-03-14 00:00:00',11854.46
896,'2016-03-15 00:00:00',11783.9
897,'2016-03-16 00:00:00',11808.81
898,'2016-03-17 00:00:00',11672.79
899,'2016-03-18 00:00:00',11914.67
900,'2016-03-19 00:00:00',12047.66
901,'2016-03-20 00:00:00',11802.74
902,'2016-03-21 00:00:00',12293.15
903,'2016-03-22 00:00:00',12203.98
904,'2016-03-23 00:00:00',12180.17
905,'2016-03-24 00:00:00',11379.0
906,'2016-03-25 00:00:00',11332.07
907,'2016-03-26 00:00:00',11821.02
908,'2016-03-27 00:00:00',12203.39
909,'2016-03-28 00:00:00',12116.51
910,'2016-03-29 00:00:00',12292.31
911,'2016-03-30 00:00:00',12132.79
912,'2016-03-31 00:00:00',12091.23
913,'2016-04-01 00:00:00',12088.28
914,'2016-04-02 00:00:00',12080.5
915,'2016-04-03 00:00:00',12026.27
916,'2016-04-04 00:00:00',12339.55
917,'2016-04-05 00:00:00',12452.55
918,'2016-04-06 00:00:00',12448.41
919,'2016-04-07 00:00:00',12492.31
920,'2016-04-08 00:00:00',12590.6
921,'2016-04-09 00:00:00',12646.21
922,'2016-04-10 00:00:00',12503.56
923,'2016-04-11 00:00:00',12616.51
924,'2016-04-12 00:00:00',12552.71
925,'2016-04-13 00:00:00',12560.5
926,'2016-04-14 00:00:00',12531.13
927,'2016-04-15 00:00:00',12776.82
928,'2016-04-16 00:00:00',12758.53
929,'2016-04-17 00:00:00',12486.38
930,'2016-04-18 00:00:00',12566.0
931,'2016-04-19 00:00:00',12392.97
932,'2016-04-20 00:00:00',12699.7
933,'2016-04-21 00:00:00',12835.21
934,'2016-04-22 00:00:00',12887.69
935,'2016-04-23 00:00:00',13221.07
936,'2016-04-24 00:00:00',12449.38
937,'2016-04-25 00:00:00',12485.44
938,'2016-04-26 00:00:00',12858.58
939,'2016-04-27 00:00:00',12999.78
940,'2016-04-28 00:00:00',13016.54
941,'2016-04-29 00:00:00',13298.57
942,'2016-04-30 00:00:00',13612.27
943,'2016-05-01 00:00:00',13813.6
944,'2016-05-02 00:00:00',13273.44
945,'2016-05-03 00:00:00',12866.7
946,'2016-05-04 00:00:00',12812.61
947,'2016-05-05 00:00:00',13109.9
948,'2016-05-06 00:00:00',13549.91
949,'2016-05-07 00:00:00',13521.85
950,'2016-05-08 00:00:00',13556.87
951,'2016-05-09 00:00:00',13414.98
952,'2016-05-10 00:00:00',13326.87
953,'2016-05-11 00:00:00',13058.44
954,'2016-05-12 00:00:00',13025.38
955,'2016-05-13 00:00:00',13292.79
956,'2016-05-14 00:00:00',13155.73
957,'2016-05-15 00:00:00',12623.32
958,'2016-05-16 00:00:00',12931.32
959,'2016-05-17 00:00:00',12973.78
960,'2016-05-18 00:00:00',12966.33
961,'2016-05-19 00:00:00',12768.77
962,'2016-05-20 00:00:00',12906.45
963,'2016-05-21 00:00:00',12745.22
964,'2016-05-22 00:00:00',13151.61
965,'2016-05-23 00:00:00',13101.47
966,'2016-05-24 00:00:00',13035.75
967,'2016-05-25 00:00:00',12953.83
968,'2016-05-26 00:00:00',12998.95
969,'2016-05-27 00:00:00',13068.05
970,'2016-05-28 00:00:00',13486.38
971,'2016-05-29 00:00:00',13309.29
972,'2016-05-30 00:00:00',13130.37
973,'2016-05-31 00:00:00',13157.75
974,'2016-06-01 00:00:00',12881.07
975,'2016-06-02 00:00:00',12450.39
976,'2016-06-03 00:00:00',12455.12
977,'2016-06-04 00:00:00',12353.33
978,'2016-06-05 00:00:00',12418.57
979,'2016-06-06 00:00:00',12505.79
980,'2016-06-07 00:00:00',13294.99
981,'2016-06-08 00:00:00',12443.39
982,'2016-06-09 00:00:00',12330.1
983,'2016-06-10 00:00:00',12774.02
984,'2016-06-11 00:00:00',12961.55
985,'2016-06-12 00:00:00',12840.53
986,'2016-06-13 00:00:00',12723.99
987,'2016-06-14 00:00:00',12724.31
988,'2016-06-15 00:00:00',12639.77
989,'2016-06-16 00:00:00',12853.37
990,'2016-06-17 00:00:00',12848.81
991,'2016-06-18 00:00:00',12673.59
992,'2016-06-19 00:00:00',12501.5
993,'2016-06-20 00:00:00',12819.36
994,'2016-06-21 00:00:00',12713.23
995,'2016-06-22 00:00:00',13059.45
996,'2016-06-23 00:00:00',13175.93
997,'2016-06-24 00:00:00',13059.26
998,'2016-06-25 00:00:00',13327.66
999,'2016-06-26 00:00:00',13581.1
1000,'2016-06-27 00:00:00',13784.88
1001,'2016-06-28 00:00:00',13437.7
1002,'2016-06-29 00:00:00',13489.59
1003,'2016-06-30 00:00:00',13314.45
1004,'2016-07-01 00:00:00',13073.08
1005,'2016-07-02 00:00:00',12928.36
1006,'2016-07-03 00:00:00',13249.82
1007,'2016-07-04 00:00:00',13281.83
1008,'2016-07-05 00:00:00',13660.21
1009,'2016-07-06 00:00:00',13576.42
1010,'2016-07-07 00:00:00',13611.01
1011,'2016-07-08 00:00:00',13485.07
1012,'2016-07-09 00:00:00',13495.73
1013,'2016-07-10 00:00:00',13727.0
1014,'2016-07-11 00:00:00',13610.0
1015,'2016-07-12 00:00:00',13709.05
1016,'2016-07-13 00:00:00',13544.25
1017,'2016-07-14 00:00:00',13433.59
1018,'2016-07-15 00:00:00',13540.93
1019,'2016-07-16 00:00:00',13598.46
1020,'2016-07-17 00:00:00',13654.92
1021,'2016-07-18 00:00:00',13368.53
1022,'2016-07-19 00:00:00',13259.11
1023,'2016-07-20 00:00:00',12976.94
1024,'2016-07-21 00:00:00',13095.88
1025,'2016-07-22 00:00:00',13090.93
1026,'2016-07-23 00:00:00',13193.12
1027,'2016-07-24 00:00:00',13403.69
1028,'2016-07-25 00:00:00',13414.15
1029,'2016-07-26 00:00:00',13181.9
1030,'2016-07-27 00:00:00',13556.92
1031,'2016-07-28 00:00:00',13254.99
1032,'2016-07-29 00:00:00',13454.19
1033,'2016-07-30 00:00:00',13006.38
1034,'2016-07-31 00:00:00',13371.66
1035,'2016-08-01 00:00:00',13486.92
1036,'2016-08-02 00:00:00',13371.7
1037,'2016-08-03 00:00:00',13243.69
1038,'2016-08-04 00:00:00',12973.26
1039,'2016-08-05 00:00:00',12957.56
1040,'2016-08-06 00:00:00',13315.28
1041,'2016-08-07 00:00:00',12822.16
1042,'2016-08-08 00:00:00',13363.82
1043,'2016-08-09 00:00:00',13009.08
1044,'2016-08-10 00:00:00',12813.0
1045,'2016-08-11 00:00:00',12542.85
1046,'2016-08-12 00:00:00',12712.04
1047,'2016-08-13 00:00:00',12643.01
1048,'2016-08-14 00:00:00',12447.15
1049,'2016-08-15 00:00:00',13041.86
1050,'2016-08-16 00:00:00',13304.49
1051,'2016-08-17 00:00:00',13089.08
1052,'2016-08-18 00:00:00',13186.83
1053,'2016-08-19 00:00:00',13298.89
1054,'2016-08-20 00:00:00',13049.21
1055,'2016-08-21 00:00:00',12810.69
1056,'2016-08-22 00:00:00',12751.01
1057,'2016-08-23 00:00:00',12313.82
1058,'2016-08-24 00:00:00',12302.09
1059,'2016-08-25 00:00:00',12021.91
1060,'2016-08-26 00:00:00',11375.66
1061,'2016-08-27 00:00:00',12222.59
1062,'2016-08-28 00:00:00',12335.48
1063,'2016-08-29 00:00:00',12425.66
1064,'2016-08-30 00:00:00',12118.48
1065,'2016-08-31 00:00:00',11604.88
1066,'2016-09-01 00:00:00',11677.34
1067,'2016-09-02 00:00:00',12021.97
1068,'2016-09-03 00:00:00',12102.92
1069,'2016-09-04 00:00:00',12273.03
1070,'2016-09-05 00:00:00',11773.07
1071,'2016-09-06 00:00:00',11796.93
1072,'2016-09-07 00:00:00',11938.5
1073,'2016-09-08 00:00:00',12488.41
1074,'2016-09-09 00:00:00',12770.44
1075,'2016-09-10 00:00:00',12600.16
1076,'2016-09-11 00:00:00',12082.41
1077,'2016-09-12 00:00:00',12615.14
1078,'2016-09-13 00:00:00',12705.66
1079,'2016-09-14 00:00:00',12690.12
1080,'2016-09-15 00:00:00',12724.37
1081,'2016-09-16 00:00:00',12849.73
1082,'2016-09-17 00:00:00',13216.18
1083,'2016-09-18 00:00:00',13022.93
1084,'2016-09-19 00:00:00',13207.31
1085,'2016-09-20 00:00:00',12906.47
1086,'2016-09-21 00:00:00',12579.91
1087,'2016-09-22 00:00:00',12948.7
1088,'2016-09-23 00:00:00',12987.45
1089,'2016-09-24 00:00:00',12633.22
1090,'2016-09-25 00:00:00',12781.76
1091,'2016-09-26 00:00:00',12856.86
1092,'2016-09-27 00:00:00',12506.39
1093,'2016-09-28 00:00:00',12224.54
1094,'2016-09-29 00:00:00',12415.84
1095,'2016-09-30 00:00:00',12384.68
1096,'2016-10-01 00:00:00',12384.52
1097,'2016-10-02 00:00:00',12333.93
1098,'2016-10-03 00:00:00',12012.15
1099,'2016-10-04 00:00:00',11966.49
1100,'2016-10-05 00:00:00',12048.84
1101,'2016-10-06 00:00:00',11888.42
1102,'2016-10-07 00:00:00',11878.34
1103,'2016-10-08 00:00:00',12251.21
1104,'2016-10-09 00:00:00',12465.01
1105,'2016-10-10 00:00:00',12620.24
1106,'2016-10-11 00:00:00',12378.09
1107,'2016-10-12 00:00:00',12159.07
1108,'2016-10-13 00:00:00',12424.66
1109,'2016-10-14 00:00:00',12763.57
1110,'2016-10-15 00:00:00',11962.96
1111,'2016-10-16 00:00:00',12246.2
1112,'2016-10-17 00:00:00',12111.21
1113,'2016-10-18 00:00:00',12696.13
1114,'2016-10-19 00:00:00',12153.41
1115,'2016-10-20 00:00:00',11953.05
1116,'2016-10-21 00:00:00',12204.54
1117,'2016-10-22 00:00:00',11989.55
1118,'2016-10-23 00:00:00',12210.28
1119,'2016-10-24 00:00:00',12238.62
1120,'2016-10-25 00:00:00',12136.79
1121,'2016-10-26 00:00:00',12208.06
1122,'2016-10-27 00:00:00',12003.05
1123,'2016-10-28 00:00:00',12393.68
1124,'2016-10-29 00:00:00',12645.32
1125,'2016-10-30 00:00:00',13214.13
1126,'2016-10-31 00:00:00',13206.34
1127,'2016-11-01 00:00:00',12921.27
1128,'2016-11-02 00:00:00',12748.89
1129,'2016-11-03 00:00:00',12856.96
1130,'2016-11-04 00:00:00',13108.1
1131,'2016-11-05 00:00:00',12461.7
1132,'2016-11-06 00:00:00',12512.47
1133,'2016-11-07 00:00:00',12343.62
1134,'2016-11-08 00:00:00',12576.88
1135,'2016-11-09 00:00:00',12559.11
1136,'2016-11-10 00:00:00',12776.03
1137,'2016-11-11 00:00:00',13348.76
1138,'2016-11-12 00:00:00',13272.36
1139,'2016-11-13 00:00:00',13436.59
1140,'2016-11-14 00:00:00',13589.32
1141,'2016-11-15 00:00:00',13782.82
1142,'2016-11-16 00:00:00',13101.91
1143,'2016-11-17 00:00:00',13244.85
1144,'2016-11-18 00:00:00',13699.22
1145,'2016-11-19 00:00:00',13447.78
1146,'2016-11-20 00:00:00',13187.47
1147,'2016-11-21 00:00:00',13454.26
1148,'2016-11-22 00:00:00',13161.57
1149,'2016-11-23 00:00:00',13203.6
1150,'2016-11-24 00:00:00',13460.02
1151,'2016-11-25 00:00:00',12879.24
1152,'2016-11-26 00:00:00',12841.6
1153,'2016-11-27 00:00:00',13308.66
1154,'2016-11-28 00:00:00',13269.4
1155,'2016-11-29 00:00:00',13183.63
1156,'2016-11-30 00:00:00',13112.59
1157,'2016-12-01 00:00:00',12969.78
1158,'2016-12-02 00:00:00',13016.78
1159,'2016-12-03 00:00:00',13120.07
1160,'2016-12-04 00:00:00',13382.36
1161,'2016-12-05 00:00:00',13185.41
1162,'2016-12-06 00:00:00',13450.46
1163,'2016-12-07 00:00:00',13342.36
1164,'2016-12-08 00:00:00',13461.01
1165,'2016-12-09 00:00:00',13537.34
1166,'2016-12-10 00:00:00',13560.42
1167,'2016-12-11 00:00:00',13401.15
1168,'2016-12-12 00:00:00',13162.28
1169,'2016-12-13 00:00:00',12732.91
1170,'2016-12-14 00:00:00',12986.53
1171,'2016-12-15 00:00:00',12852.58
1172,'2016-12-16 00:00:00',12724.8
1173,'2016-12-17 00:00:00',12336.56
1174,'2016-12-18 00:00:00',12523.95
1175,'2016-12-19 00:00:00',12875.19
1176,'2016-12-20 00:00:00',12797.53
1177,'2016-12-21 00:00:00',12452.71
1178,'2016-12-22 00:00:00',12794.19
1179,'2016-12-23 00:00:00',12848.46
1180,'2016-12-24 00:00:00',13009.63
1181,'2016-12-25 00:00:00',13469.4
1182,'2016-12-26 00:00:00',13397.0
1183,'2016-12-27 00:00:00',13388.51
1184,'2016-12-28 00:00:00',13490.07
1185,'2016-12-29 00:00:00',13427.41
1186,'2016-12-30 00:00:00',13365.94
1187,'2016-12-31 00:00:00',13258.47
1188,'2017-01-01 00:00:00',13266.97
1189,'2017-01-02 00:00:00',13393.37
1190,'2017-01-03 00:00:00',13270.02
1191,'2017-01-04 00:00:00',13110.58
1192,'2017-01-05 00:00:00',12890.55
1193,'2017-01-06 00:00:00',12812.86
1194,'2017-01-07 00:00:00',13097.82
1195,'2017-01-08 00:00:00',13178.13
1196,'2017-01-09 00:00:00',13397.91
1197,'2017-01-10 00:00:00',13229.36
1198,'2017-01-11 00:00:00',12978.25
1199,'2017-01-12 00:00:00',13396.65
1200,'2017-01-13 00:00:00',13408.43
1201,'2017-01-14 00:00:00',13507.92
1202,'2017-01-15 00:00:00',13319.8
1203,'2017-01-16 00:00:00',13353.75
1204,'2017-01-17 00:00:00',13262.06
1205,'2017-01-18 00:00:00',13174.85
1206,'2017-01-19 00:00:00',13096.41
1207,'2017-01-20 00:00:00',13076.64
1208,'2017-01-21 00:00:00',12931.64
1209,'2017-01-22 00:00:00',13022.95
1210,'2017-01-23 00:00:00',13071.49
1211,'2017-01-24 00:00:00',13070.32
1212,'2017-01-25 00:00:00',13065.71
1213,'2017-01-26 00:00:00',13247.29
1214,'2017-01-27 00:00:00',13361.75
1215,'2017-01-28 00:00:00',13462.57
1216,'2017-01-29 00:00:00',13784.97
1217,'2017-01-30 00:00:00',13595.87
1218,'2017-01-31 00:00:00',13557.21
1219,'2017-02-01 00:00:00',13597.74
1220,'2017-02-02 00:00:00',13605.93
1221,'2017-02-03 00:00:00',13640.76
1222,'2017-02-04 00:00:00',13440.27
1223,'2017-02-05 00:00:00',13331.69
1224,'2017-02-06 00:00:00',13356.59
1225,'2017-02-07 00:00:00',13505.95
1226,'2017-02-08 00:00:00',13361.32
1227,'2017-02-09 00:00:00',13391.47
1228,'2017-02-10 00:00:00',12937.29
1229,'2017-02-11 00:00:00',13007.31
1230,'2017-02-12 00:00:00',12533.56
1231,'2017-02-13 00:00:00',12828.54
1232,'2017-02-14 00:00:00',12671.87
1233,'2017-02-15 00:00:00',12654.51
1234,'2017-02-16 00:00:00',12917.43
1235,'2017-02-17 00:00:00',13045.98
1236,'2017-02-18 00:00:00',13226.86
1237,'2017-02-19 00:00:00',12804.67
1238,'2017-02-20 00:00:00',13170.67
1239,'2017-02-21 00:00:00',12908.24
1240,'2017-02-22 00:00:00',12796.06
1241,'2017-02-23 00:00:00',12381.36
1242,'2017-02-24 00:00:00',12374.94
1243,'2017-02-25 00:00:00',12416.94
1244,'2017-02-26 00:00:00',13167.72
1245,'2017-02-27 00:00:00',13270.12
1246,'2017-02-28 00:00:00',12929.59
1247,'2017-03-01 00:00:00',12740.47
1248,'2017-03-02 00:00:00',12803.61
1249,'2017-03-03 00:00:00',12855.07
1250,'2017-03-04 00:00:00',13071.58
1251,'2017-03-05 00:00:00',13094.8
1252,'2017-03-06 00:00:00',13248.68
1253,'2017-03-07 00:00:00',13006.28
1254,'2017-03-08 00:00:00',12847.64
1255,'2017-03-09 00:00:00',12664.6
1256,'2017-03-10 00:00:00',13080.13
1257,'2017-03-11 00:00:00',12457.85
1258,'2017-03-12 00:00:00',11925.01
1259,'2017-03-13 00:00:00',12441.62
1260,'2017-03-14 00:00:00',12774.85
1261,'2017-03-15 00:00:00',12333.68
1262,'2017-03-16 00:00:00',12442.72
1263,'2017-03-17 00:00:00',12960.18
1264,'2017-03-18 00:00:00',12937.71
1265,'2017-03-19 00:00:00',13283.52
1266,'2017-03-20 00:00:00',13201.12
1267,'2017-03-21 00:00:00',13371.02
1268,'2017-03-22 00:00:00',13257.38
1269,'2017-03-23 00:00:00',13368.15
1270,'2017-03-24 00:00:00',13349.2
1271,'2017-03-25 00:00:00',13512.3
1272,'2017-03-26 00:00:00',13363.39
1273,'2017-03-27 00:00:00',13448.83
1274,'2017-03-28 00:00:00',13263.72
1275,'2017-03-29 00:00:00',13358.57
1276,'2017-03-30 00:00:00',13412.71
1277,'2017-03-31 00:00:00',13585.36
1278,'2017-04-01 00:00:00',13729.32
1279,'2017-04-02 00:00:00',13900.44
1280,'2017-04-03 00:00:00',13957.89
1281,'2017-04-04 00:00:00',13829.49
1282,'2017-04-05 00:00:00',13877.17
1283,'2017-04-06 00:00:00',13739.98
1284,'2017-04-07 00:00:00',13998.98
1285,'2017-04-08 00:00:00',13669.64
1286,'2017-04-09 00:00:00',13844.98
1287,'2017-04-10 00:00:00',13886.13
1288,'2017-04-11 00:00:00',13927.68
1289,'2017-04-12 00:00:00',14251.42
1290,'2017-04-13 00:00:00',14231.75
1291,'2017-04-14 00:00:00',14184.66
1292,'2017-04-15 00:00:00',14248.65
1293,'2017-04-16 00:00:00',14182.63
1294,'2017-04-17 00:00:00',13841.06
1295,'2017-04-18 00:00:00',13305.99
1296,'2017-04-19 00:00:00',12950.12
1297,'2017-04-20 00:00:00',12661.6
1298,'2017-04-21 00:00:00',13135.29
1299,'2017-04-22 00:00:00',13344.71
1300,'2017-04-23 00:00:00',12694.72
1301,'2017-04-24 00:00:00',12936.06
1302,'2017-04-25 00:00:00',12771.42
1303,'2017-04-26 00:00:00',12592.2
1304,'2017-04-27 00:00:00',13122.46
1305,'2017-04-28 00:00:00',13098.66
1306,'2017-04-29 00:00:00',13128.73
1307,'2017-04-30 00:00:00',13811.56
1308,'2017-05-01 00:00:00',13909.43
1309,'2017-05-02 00:00:00',13860.27
1310,'2017-05-03 00:00:00',13474.4
1311,'2017-05-04 00:00:00',13425.98
1312,'2017-05-05 00:00:00',13324.21
1313,'2017-05-06 00:00:00',13109.68
1314,'2017-05-07 00:00:00',12800.1
1315,'2017-05-08 00:00:00',13118.47
1316,'2017-05-09 00:00:00',13275.22
1317,'2017-05-10 00:00:00',13303.68
1318,'2017-05-11 00:00:00',13340.59
1319,'2017-05-12 00:00:00',13495.99
1320,'2017-05-13 00:00:00',13079.37
1321,'2017-05-14 00:00:00',13279.03
1322,'2017-05-15 00:00:00',12986.13
1323,'2017-05-16 00:00:00',13229.68
1324,'2017-05-17 00:00:00',13957.66
1325,'2017-05-18 00:00:00',13886.99
1326,'2017-05-19 00:00:00',13884.21
1327,'2017-05-20 00:00:00',13799.55
1328,'2017-05-21 00:00:00',13737.28
1329,'2017-05-22 00:00:00',13398.73
1330,'2017-05-23 00:00:00',13567.56
1331,'2017-05-24 00:00:00',13515.83
1332,'2017-05-25 00:00:00',13645.69
1333,'2017-05-26 00:00:00',13665.13
1334,'2017-05-27 00:00:00',13837.34
1335,'2017-05-28 00:00:00',13685.42
1336,'2017-05-29 00:00:00',13544.83
1337,'2017-05-30 00:00:00',13352.51
1338,'2017-05-31 00:00:00',13585.87
1339,'2017-06-01 00:00:00',13914.59
1340,'2017-06-02 00:00:00',13971.03
1341,'2017-06-03 00:00:00',13871.15
1342,'2017-06-04 00:00:00',13725.5
1343,'2017-06-05 00:00:00',14042.68
1344,'2017-06-06 00:00:00',13757.91
1345,'2017-06-07 00:00:00',13864.2
1346,'2017-06-08 00:00:00',13765.44
1347,'2017-06-09 00:00:00',14235.18
1348,'2017-06-10 00:00:00',14063.97
1349,'2017-06-11 00:00:00',13588.23
1350,'2017-06-12 00:00:00',13636.17
1351,'2017-06-13 00:00:00',13187.85
1352,'2017-06-14 00:00:00',13320.17
1353,'2017-06-15 00:00:00',13331.12
1354,'2017-06-16 00:00:00',13343.4
1355,'2017-06-17 00:00:00',13388.68
1356,'2017-06-18 00:00:00',13466.66
1357,'2017-06-19 00:00:00',13505.7
1358,'2017-06-20 00:00:00',13475.12
1359,'2017-06-21 00:00:00',13363.86
1360,'2017-06-22 00:00:00',13305.71
1361,'2017-06-23 00:00:00',13377.17
1362,'2017-06-24 00:00:00',13361.63
1363,'2017-06-25 00:00:00',13398.91
1364,'2017-06-26 00:00:00',13078.82
1365,'2017-06-27 00:00:00',12946.3
1366,'2017-06-28 00:00:00',12970.98
1367,'2017-06-29 00:00:00',13125.36
1368,'2017-06-30 00:00:00',13126.66
1369,'2017-07-01 00:00:00',13123.28
1370,'2017-07-02 00:00:00',13113.57
1371,'2017-07-03 00:00:00',13114.87
1372,'2017-07-04 00:00:00',13276.16
1373,'2017-07-05 00:00:00',13337.65
1374,'2017-07-06 00:00:00',13384.23
1375,'2017-07-07 00:00:00',13324.88
1376,'2017-07-08 00:00:00',13132.91
1377,'2017-07-09 00:00:00',13117.26
1378,'2017-07-10 00:00:00',13366.75
1379,'2017-07-11 00:00:00',13155.32
1380,'2017-07-12 00:00:00',13095.98
1381,'2017-07-13 00:00:00',13166.14
1382,'2017-07-14 00:00:00',13230.28
1383,'2017-07-15 00:00:00',13441.77
1384,'2017-07-16 00:00:00',13428.32
1385,'2017-07-17 00:00:00',13514.54
1386,'2017-07-18 00:00:00',13290.3
1387,'2017-07-19 00:00:00',13374.55
1388,'2017-07-20 00:00:00',13450.5
1389,'2017-07-21 00:00:00',13215.32
1390,'2017-07-22 00:00:00',13383.66
1391,'2017-07-23 00:00:00',13353.96
1392,'2017-07-24 00:00:00',13188.81
1393,'2017-07-25 00:00:00',13116.72
1394,'2017-07-26 00:00:00',13201.5
1395,'2017-07-27 00:00:00',13260.19
1396,'2017-07-28 00:00:00',13162.54
1397,'2017-07-29 00:00:00',13238.03
1398,'2017-07-30 00:00:00',13221.78
1399,'2017-07-31 00:00:00',13429.33
1400,'2017-08-01 00:00:00',13348.84
1401,'2017-08-02 00:00:00',13467.42
1402,'2017-08-03 00:00:00',13588.9
1403,'2017-08-04 00:00:00',13759.71
1404,'2017-08-05 00:00:00',13758.74
1405,'2017-08-06 00:00:00',13523.33
1406,'2017-08-07 00:00:00',13467.46
1407,'2017-08-08 00:00:00',13710.61
1408,'2017-08-09 00:00:00',13554.71
1409,'2017-08-10 00:00:00',13545.56
1410,'2017-08-11 00:00:00',13520.01
1411,'2017-08-12 00:00:00',13249.9
1412,'2017-08-13 00:00:00',13069.96
1413,'2017-08-14 00:00:00',13199.19
1414,'2017-08-15 00:00:00',13359.4
1415,'2017-08-16 00:00:00',13405.07
1416,'2017-08-17 00:00:00',13417.26
1417,'2017-08-18 00:00:00',13545.86
1418,'2017-08-19 00:00:00',13707.83
1419,'2017-08-20 00:00:00',13700.33
1420,'2017-08-21 00:00:00',13592.64
1421,'2017-08-22 00:00:00',13671.93
1422,'2017-08-23 00:00:00',13672.09
1423,'2017-08-24 00:00:00',13491.51
1424,'2017-08-25 00:00:00',13784.88
1425,'2017-08-26 00:00:00',13589.0
1426,'2017-08-27 00:00:00',13649.69
1427,'2017-08-28 00:00:00',13777.09
1428,'2017-08-29 00:00:00',13785.76
1429,'2017-08-30 00:00:00',13273.27
1430,'2017-08-31 00:00:00',13484.43
1431,'2017-09-01 00:00:00',13283.24
1432,'2017-09-02 00:00:00',13141.34
1433,'2017-09-03 00:00:00',13460.86
1434,'2017-09-04 00:00:00',13768.39
1435,'2017-09-05 00:00:00',13615.83
1436,'2017-09-06 00:00:00',13427.83
1437,'2017-09-07 00:00:00',13409.74
1438,'2017-09-08 00:00:00',13677.8
1439,'2017-09-09 00:00:00',13693.37
1440,'2017-09-10 00:00:00',13844.75
1441,'2017-09-11 00:00:00',13621.86
1442,'2017-09-12 00:00:00',13332.46
1443,'2017-09-13 00:00:00',13086.02
1444,'2017-09-14 00:00:00',13210.6
1445,'2017-09-15 00:00:00',13279.93
1446,'2017-09-16 00:00:00',13606.78
1447,'2017-09-17 00:00:00',13724.18
1448,'2017-09-18 00:00:00',13836.85
1449,'2017-09-19 00:00:00',13818.63
1450,'2017-09-20 00:00:00',13833.0
1451,'2017-09-21 00:00:00',13731.16
1452,'2017-09-22 00:00:00',13848.22
1453,'2017-09-23 00:00:00',13885.2
1454,'2017-09-24 00:00:00',13795.54
1455,'2017-09-25 00:00:00',13854.68
1456,'2017-09-26 00:00:00',13739.6
1457,'2017-09-27 00:00:00',13444.63
1458,'2017-09-28 00:00:00',13183.04
1459,'2017-09-29 00:00:00',13540.49
1460,'2017-09-30 00:00:00',13774.68
1461,'2017-10-01 00:00:00',13725.37
1462,'2017-10-02 00:00:00',13675.48
1463,'2017-10-03 00:00:00',13478.55
1464,'2017-10-04 00:00:00',13461.09
1465,'2017-10-05 00:00:00',13098.25
1466,'2017-10-06 00:00:00',12836.47
1467,'2017-10-07 00:00:00',12478.2
1468,'2017-10-08 00:00:00',12737.02
1469,'2017-10-09 00:00:00',13925.4
1470,'2017-10-10 00:00:00',13518.21
1471,'2017-10-11 00:00:00',13447.39
1472,'2017-10-12 00:00:00',13866.25
1473,'2017-10-13 00:00:00',13855.49
1474,'2017-10-14 00:00:00',13501.94
1475,'2017-10-15 00:00:00',12811.56
1476,'2017-10-16 00:00:00',13333.93
1477,'2017-10-17 00:00:00',13351.53
1478,'2017-10-18 00:00:00',13528.64
1479,'2017-10-19 00:00:00',13382.95
1480,'2017-10-20 00:00:00',13731.48
1481,'2017-10-21 00:00:00',13144.24
1482,'2017-10-22 00:00:00',13205.84
1483,'2017-10-23 00:00:00',13556.5
1484,'2017-10-24 00:00:00',13371.83
1485,'2017-10-25 00:00:00',13395.44
1486,'2017-10-26 00:00:00',13581.68
1487,'2017-10-27 00:00:00',13557.84
1488,'2017-10-28 00:00:00',13527.18
1489,'2017-10-29 00:00:00',13530.44
1490,'2017-10-30 00:00:00',13655.84
1491,'2017-10-31 00:00:00',13293.31
1492,'2017-11-01 00:00:00',13165.58
1493,'2017-11-02 00:00:00',13252.13
1494,'2017-11-03 00:00:00',13541.56
1495,'2017-11-04 00:00:00',13626.29
1496,'2017-11-05 00:00:00',13727.7
1497,'2017-11-06 00:00:00',13888.71
1498,'2017-11-07 00:00:00',13642.02
1499,'2017-11-08 00:00:00',13604.4
1500,'2017-11-09 00:00:00',13709.36
1501,'2017-11-10 00:00:00',13597.17
1502,'2017-11-11 00:00:00',13312.15
1503,'2017-11-12 00:00:00',13210.47
1504,'2017-11-13 00:00:00',13281.68
1505,'2017-11-14 00:00:00',13122.21
1506,'2017-11-15 00:00:00',13285.72
1507,'2017-11-16 00:00:00',13377.3
1508,'2017-11-17 00:00:00',13317.87
1509,'2017-11-18 00:00:00',13417.76
1510,'2017-11-19 00:00:00',13515.2
1511,'2017-11-20 00:00:00',13420.85
1512,'2017-11-21 00:00:00',13295.1
1513,'2017-11-22 00:00:00',12997.53
1514,'2017-11-23 00:00:00',13518.67
1515,'2017-11-24 00:00:00',13820.64
1516,'2017-11-25 00:00:00',13907.84
1517,'2017-11-26 00:00:00',14038.84
1518,'2017-11-27 00:00:00',14033.82
1519,'2017-11-28 00:00:00',14022.79
1520,'2017-11-29 00:00:00',14159.65
1521,'2017-11-30 00:00:00',14190.42
1522,'2017-12-01 00:00:00',14184.51
1523,'2017-12-02 00:00:00',14311.26
1524,'2017-12-03 00:00:00',14118.47
1525,'2017-12-04 00:00:00',14124.01
1526,'2017-12-05 00:00:00',13788.95
1527,'2017-12-06 00:00:00',14158.08
1528,'2017-12-07 00:00:00',14345.55
1529,'2017-12-08 00:00:00',14460.41
1530,'2017-12-09 00:00:00',14503.48
1531,'2017-12-10 00:00:00',14411.49
1532,'2017-12-11 00:00:00',14421.0
1533,'2017-12-12 00:00:00',14365.84
1534,'2017-12-13 00:00:00',13939.5
1535,'2017-12-14 00:00:00',14384.53
1536,'2017-12-15 00:00:00',14460.57
1537,'2017-12-16 00:00:00',14572.13
1538,'2017-12-17 00:00:00',14453.08
1539,'2017-12-18 00:00:00',14392.72
1540,'2017-12-19 00:00:00',14336.88
1541,'2017-12-20 00:00:00',14247.72
1542,'2017-12-21 00:00:00',14444.78
1543,'2017-12-22 00:00:00',14493.39
1544,'2017-12-23 00:00:00',14644.22
1545,'2017-12-24 00:00:00',14670.82
1546,'2017-12-25 00:00:00',14749.05
1547,'2017-12-26 00:00:00',14747.52
1548,'2017-12-27 00:00:00',14758.74
1549,'2017-12-28 00:00:00',14642.45
1550,'2017-12-29 00:00:00',14658.98
1551,'2017-12-30 00:00:00',14723.34
1552,'2017-12-31 00:00:00',14780.54
1553,'2018-01-01 00:00:00',14706.62
1554,'2018-01-02 00:00:00',14737.7
1555,'2018-01-03 00:00:00',14659.23
1556,'2018-01-04 00:00:00',14716.01
1557,'2018-01-05 00:00:00',14553.34
1558,'2018-01-06 00:00:00',14211.25
1559,'2018-01-07 00:00:00',14357.03
1560,'2018-01-08 00:00:00',14411.69
1561,'2018-01-09 00:00:00',14622.99
1562,'2018-01-10 00:00:00',14498.51
1563,'2018-01-11 00:00:00',14333.35
1564,'2018-01-12 00:00:00',14482.88
1565,'2018-01-13 00:00:00',14635.42
1566,'2018-01-14 00:00:00',14543.03
1567,'2018-01-15 00:00:00',14537.18
1568,'2018-01-16 00:00:00',14223.63
1569,'2018-01-17 00:00:00',14343.33
1570,'2018-01-18 00:00:00',14457.36
1571,'2018-01-19 00:00:00',14174.4
1572,'2018-01-20 00:00:00',13926.85
1573,'2018-01-21 00:00:00',14184.82
1574,'2018-01-22 00:00:00',13955.14
1575,'2018-01-23 00:00:00',13559.89
1576,'2018-01-24 00:00:00',13374.03
1577,'2018-01-25 00:00:00',13615.07
1578,'2018-01-26 00:00:00',13903.28
1579,'2018-01-27 00:00:00',13991.81
1580,'2018-01-28 00:00:00',14029.68
1581,'2018-01-29 00:00:00',14135.92
1582,'2018-01-30 00:00:00',14180.05
1583,'2018-01-31 00:00:00',13530.97
1584,'2018-02-01 00:00:00',13636.33
1585,'2018-02-02 00:00:00',14004.5
1586,'2018-02-03 00:00:00',13364.68
1587,'2018-02-04 00:00:00',13952.99
1588,'2018-02-05 00:00:00',14191.57
1589,'2018-02-06 00:00:00',14020.42
1590,'2018-02-07 00:00:00',13665.48
1591,'2018-02-08 00:00:00',13639.23
1592,'2018-02-09 00:00:00',13577.59
1593,'2018-02-10 00:00:00',13301.73
1594,'2018-02-11 00:00:00',12980.5
1595,'2018-02-12 00:00:00',13310.54
1596,'2018-02-13 00:00:00',13523.32
1597,'2018-02-14 00:00:00',13324.04
1598,'2018-02-15 00:00:00',13151.64
1599,'2018-02-16 00:00:00',13539.6
1600,'2018-02-17 00:00:00',13731.73
1601,'2018-02-18 00:00:00',13839.77
1602,'2018-02-19 00:00:00',13369.74
1603,'2018-02-20 00:00:00',13479.85
1604,'2018-02-21 00:00:00',13124.79
1605,'2018-02-22 00:00:00',13472.33
1606,'2018-02-23 00:00:00',13724.36
1607,'2018-02-24 00:00:00',14242.99
1608,'2018-02-25 00:00:00',14149.25
1609,'2018-02-26 00:00:00',14102.58
1610,'2018-02-27 00:00:00',14075.33
1611,'2018-02-28 00:00:00',13939.19
1612,'2018-03-01 00:00:00',13711.07
1613,'2018-03-02 00:00:00',13821.75
1614,'2018-03-03 00:00:00',13821.84
1615,'2018-03-04 00:00:00',13838.87
1616,'2018-03-05 00:00:00',13687.93
1617,'2018-03-06 00:00:00',13431.65
1618,'2018-03-07 00:00:00',13833.19
1619,'2018-03-08 00:00:00',13627.32
1620,'2018-03-09 00:00:00',13686.16
1621,'2018-03-10 00:00:00',13594.82
1622,'2018-03-11 00:00:00',13556.72
1623,'2018-03-12 00:00:00',13882.12
1624,'2018-03-13 00:00:00',13533.51
1625,'2018-03-14 00:00:00',13336.7
1626,'2018-03-15 00:00:00',12947.64
1627,'2018-03-16 00:00:00',13147.56
1628,'2018-03-17 00:00:00',13264.42
1629,'2018-03-18 00:00:00',13650.19
1630,'2018-03-19 00:00:00',13394.15
1631,'2018-03-20 00:00:00',13688.52
1632,'2018-03-21 00:00:00',13651.39
1633,'2018-03-22 00:00:00',13567.36
1634,'2018-03-23 00:00:00',13724.95
1635,'2018-03-24 00:00:00',13743.47
1636,'2018-03-25 00:00:00',13364.15
1637,'2018-03-26 00:00:00',13870.72
1638,'2018-03-27 00:00:00',13951.52
1639,'2018-03-28 00:00:00',13908.48
1640,'2018-03-29 00:00:00',13962.26
1641,'2018-03-30 00:00:00',14036.99
1642,'2018-03-31 00:00:00',13688.7
1643,'2018-04-01 00:00:00',14152.25
1644,'2018-04-02 00:00:00',14084.03
1645,'2018-04-03 00:00:00',13808.92
1646,'2018-04-04 00:00:00',13701.74
1647,'2018-04-05 00:00:00',13704.05
1648,'2018-04-06 00:00:00',13755.51
1649,'2018-04-07 00:00:00',13848.3
1650,'2018-04-08 00:00:00',13872.17
1651,'2018-04-09 00:00:00',13823.29
1652,'2018-04-10 00:00:00',13410.51
1653,'2018-04-11 00:00:00',13032.89
1654,'2018-04-12 00:00:00',13470.13
1655,'2018-04-13 00:00:00',13462.12
1656,'2018-04-14 00:00:00',13638.13
1657,'2018-04-15 00:00:00',13600.24
1658,'2018-04-16 00:00:00',13475.58
1659,'2018-04-17 00:00:00',12792.18
1660,'2018-04-18 00:00:00',12895.39
1661,'2018-04-19 00:00:00',12758.46
1662,'2018-04-20 00:00:00',13389.97
1663,'2018-04-21 00:00:00',13579.37
1664,'2018-04-22 00:00:00',13637.74
1665,'2018-04-23 00:00:00',13311.04
1666,'2018-04-24 00:00:00',13078.43
1667,'2018-04-25 00:00:00',12638.83
1668,'2018-04-26 00:00:00',13238.71
1669,'2018-04-27 00:00:00',13192.67
1670,'2018-04-28 00:00:00',13329.47
1671,'2018-04-29 00:00:00',13098.15
1672,'2018-04-30 00:00:00',12626.63
1673,'2018-05-01 00:00:00',12938.03
1674,'2018-05-02 00:00:00',13299.86
1675,'2018-05-03 00:00:00',13368.72
1676,'2018-05-04 00:00:00',13180.38
1677,'2018-05-05 00:00:00',13251.18
1678,'2018-05-06 00:00:00',13330.0
1679,'2018-05-07 00:00:00',13442.68
1680,'2018-05-08 00:00:00',13444.92
1681,'2018-05-09 00:00:00',13467.76
1682,'2018-05-10 00:00:00',13755.6
1683,'2018-05-11 00:00:00',13917.33
1684,'2018-05-12 00:00:00',13568.38
1685,'2018-05-13 00:00:00',13394.44
1686,'2018-05-14 00:00:00',13538.21
1687,'2018-05-15 00:00:00',14054.07
1688,'2018-05-16 00:00:00',13972.02
1689,'2018-05-17 00:00:00',13958.75
1690,'2018-05-18 00:00:00',13835.76
1691,'2018-05-19 00:00:00',14064.97
1692,'2018-05-20 00:00:00',14104.51
1693,'2018-05-21 00:00:00',14226.83
1694,'2018-05-22 00:00:00',14251.02
1695,'2018-05-23 00:00:00',13591.68
1696,'2018-05-24 00:00:00',13989.19
1697,'2018-05-25 00:00:00',14329.32
1698,'2018-05-26 00:00:00',13801.54
1699,'2018-05-27 00:00:00',14355.49
1700,'2018-05-28 00:00:00',14277.5
1701,'2018-05-29 00:00:00',14104.83
1702,'2018-05-30 00:00:00',13855.78
1703,'2018-05-31 00:00:00',13382.68
1704,'2018-06-01 00:00:00',14018.17
1705,'2018-06-02 00:00:00',14258.8
1706,'2018-06-03 00:00:00',14283.56
1707,'2018-06-04 00:00:00',14187.93
1708,'2018-06-05 00:00:00',14156.23
1709,'2018-06-06 00:00:00',14399.4
1710,'2018-06-07 00:00:00',14369.56
1711,'2018-06-08 00:00:00',14252.57
1712,'2018-06-09 00:00:00',14304.48
1713,'2018-06-10 00:00:00',14367.95
1714,'2018-06-11 00:00:00',14651.57
1715,'2018-06-12 00:00:00',14698.22
1716,'2018-06-13 00:00:00',14676.4
1717,'2018-06-14 00:00:00',14378.5
1718,'2018-06-15 00:00:00',14674.12
1719,'2018-06-16 00:00:00',14551.26
1720,'2018-06-17 00:00:00',14605.56
1721,'2018-06-18 00:00:00',14439.34
1722,'2018-06-19 00:00:00',14481.51
1723,'2018-06-20 00:00:00',14077.27
1724,'2018-06-21 00:00:00',14026.69
1725,'2018-06-22 00:00:00',13941.94
1726,'2018-06-23 00:00:00',13839.27
1727,'2018-06-24 00:00:00',14025.04
1728,'2018-06-25 00:00:00',14276.03
1729,'2018-06-26 00:00:00',14228.22
1730,'2018-06-27 00:00:00',14341.06
1731,'2018-06-28 00:00:00',14157.8
1732,'2018-06-29 00:00:00',14228.05
1733,'2018-06-30 00:00:00',13510.61
1734,'2018-07-01 00:00:00',14500.77
1735,'2018-07-02 00:00:00',15084.0
1736,'2018-07-03 00:00:00',14662.07
1737,'2018-07-04 00:00:00',14053.37
1738,'2018-07-05 00:00:00',14267.33
1739,'2018-07-06 00:00:00',14533.7
1740,'2018-07-07 00:00:00',14549.23
1741,'2018-07-08 00:00:00',14278.04
1742,'2018-07-09 00:00:00',13885.06
1743,'2018-07-10 00:00:00',14143.74
1744,'2018-07-11 00:00:00',14167.79
1745,'2018-07-12 00:00:00',14341.81
1746,'2018-07-13 00:00:00',14211.9
1747,'2018-07-14 00:00:00',14117.84
1748,'2018-07-15 00:00:00',14140.86
1749,'2018-07-16 00:00:00',14070.03
1750,'2018-07-17 00:00:00',14024.99
1751,'2018-07-18 00:00:00',13910.45
1752,'2018-07-19 00:00:00',13843.32
1753,'2018-07-20 00:00:00',13983.21
1754,'2018-07-21 00:00:00',14036.28
1755,'2018-07-22 00:00:00',13950.98
1756,'2018-07-23 00:00:00',13963.68
1757,'2018-07-24 00:00:00',13837.45
1758,'2018-07-25 00:00:00',13718.49
1759,'2018-07-26 00:00:00',14122.62
1760,'2018-07-27 00:00:00',13836.69
1761,'2018-07-28 00:00:00',13839.94
1762,'2018-07-29 00:00:00',13909.14
1763,'2018-07-30 00:00:00',13952.42
1764,'2018-07-31 00:00:00',13933.67
1765,'2018-08-01 00:00:00',13577.35
1766,'2018-08-02 00:00:00',13490.98
1767,'2018-08-03 00:00:00',13689.09
1768,'2018-08-04 00:00:00',13593.67
1769,'2018-08-05 00:00:00',13772.41
1770,'2018-08-06 00:00:00',14070.63
1771,'2018-08-07 00:00:00',14006.17
1772,'2018-08-08 00:00:00',13621.08
1773,'2018-08-09 00:00:00',13283.82
1774,'2018-08-10 00:00:00',13881.67
1775,'2018-08-11 00:00:00',14039.51
1776,'2018-08-12 00:00:00',13963.25
1777,'2018-08-13 00:00:00',13602.49
1778,'2018-08-14 00:00:00',13652.4
1779,'2018-08-15 00:00:00',13836.77
1780,'2018-08-16 00:00:00',13776.49
1781,'2018-08-17 00:00:00',13855.09
1782,'2018-08-18 00:00:00',13973.2
1783,'2018-08-19 00:00:00',13616.7
1784,'2018-08-20 00:00:00',13788.31
1785,'2018-08-21 00:00:00',13536.0
1786,'2018-08-22 00:00:00',13595.85
1787,'2018-08-23 00:00:00',13493.34
1788,'2018-08-24 00:00:00',13745.55
1789,'2018-08-25 00:00:00',13696.18
1790,'2018-08-26 00:00:00',14016.03
1791,'2018-08-27 00:00:00',13628.16
1792,'2018-08-28 00:00:00',12895.7
1793,'2018-08-29 00:00:00',13067.51
1794,'2018-08-30 00:00:00',13789.51
1795,'2018-08-31 00:00:00',14029.92
1796,'2018-09-01 00:00:00',14018.22
1797,'2018-09-02 00:00:00',13323.04
1798,'2018-09-03 00:00:00',13961.5
1799,'2018-09-04 00:00:00',13518.33
1800,'2018-09-05 00:00:00',13345.42
1801,'2018-09-06 00:00:00',13492.58
1802,'2018-09-07 00:00:00',14100.94
1803,'2018-09-08 00:00:00',14370.24
1804,'2018-09-09 00:00:00',14227.31
1805,'2018-09-10 00:00:00',14111.99
1806,'2018-09-11 00:00:00',13559.28
1807,'2018-09-12 00:00:00',13513.44
1808,'2018-09-13 00:00:00',13499.34
1809,'2018-09-14 00:00:00',13236.33
1810,'2018-09-15 00:00:00',13191.47
1811,'2018-09-16 00:00:00',13092.05
1812,'2018-09-17 00:00:00',13124.73
1813,'2018-09-18 00:00:00',12886.45
1814,'2018-09-19 00:00:00',13204.54
1815,'2018-09-20 00:00:00',13209.3
1816,'2018-09-21 00:00:00',13606.13
1817,'2018-09-22 00:00:00',13462.02
1818,'2018-09-23 00:00:00',13291.22
1819,'2018-09-24 00:00:00',13506.66
1820,'2018-09-25 00:00:00',13336.66
1821,'2018-09-26 00:00:00',13411.35
1822,'2018-09-27 00:00:00',13609.98
1823,'2018-09-28 00:00:00',13613.8
1824,'2018-09-29 00:00:00',13138.13
1825,'2018-09-30 00:00:00',13656.04
1826,'2018-10-01 00:00:00',13186.34
1827,'2018-10-02 00:00:00',12866.57
1828,'2018-10-03 00:00:00',12844.6
1829,'2018-10-04 00:00:00',12977.53
1830,'2018-10-05 00:00:00',13109.61
1831,'2018-10-06 00:00:00',13300.44
1832,'2018-10-07 00:00:00',13535.41
1833,'2018-10-08 00:00:00',13681.42
1834,'2018-10-09 00:00:00',13525.43
1835,'2018-10-10 00:00:00',13473.26
1836,'2018-10-11 00:00:00',13340.06
1837,'2018-10-12 00:00:00',13909.33
1838,'2018-10-13 00:00:00',13965.19
1839,'2018-10-14 00:00:00',13934.53
1840,'2018-10-15 00:00:00',13174.02
1841,'2018-10-16 00:00:00',13198.61
1842,'2018-10-17 00:00:00',13100.6
1843,'2018-10-18 00:00:00',12947.4
1844,'2018-10-19 00:00:00',13011.64
1845,'2018-10-20 00:00:00',13019.47
1846,'2018-10-21 00:00:00',12832.76
1847,'2018-10-22 00:00:00',12791.74
1848,'2018-10-23 00:00:00',ND
1849,'2018-10-24 00:00:00',12439.5
1850,'2018-10-25 00:00:00',12000.55
1851,'2018-10-26 00:00:00',12762.87
1852,'2018-10-27 00:00:00',12294.89
1853,'2018-10-28 00:00:00',12253.31
1854,'2018-10-29 00:00:00',12633.4
1855,'2018-10-30 00:00:00',12617.73
1856,'2018-10-31 00:00:00',12569.76
1857,'2018-11-01 00:00:00',12670.03
1858,'2018-11-02 00:00:00',12614.27
1859,'2018-11-03 00:00:00',12714.99
1860,'2018-11-04 00:00:00',12779.25
1861,'2018-11-05 00:00:00',12749.55
1862,'2018-11-06 00:00:00',12820.12
1863,'2018-11-07 00:00:00',12870.36
1864,'2018-11-08 00:00:00',12815.12
1865,'2018-11-09 00:00:00',13036.22
1866,'2018-11-10 00:00:00',12750.67
1867,'2018-11-11 00:00:00',12758.25
1868,'2018-11-12 00:00:00',12892.8
1869,'2018-11-13 00:00:00',13384.38
1870,'2018-11-14 00:00:00',13280.93
1871,'2018-11-15 00:00:00',14169.99
1872,'2018-11-16 00:00:00',14117.57
1873,'2018-11-17 00:00:00',13878.99
1874,'2018-11-18 00:00:00',13999.52
1875,'2018-11-19 00:00:00',13729.43
1876,'2018-11-20 00:00:00',13618.38
1877,'2018-11-21 00:00:00',13488.19
1878,'2018-11-22 00:00:00',13535.36
1879,'2018-11-23 00:00:00',13977.69
1880,'2018-11-24 00:00:00',14181.21
1881,'2018-11-25 00:00:00',14041.96
1882,'2018-11-26 00:00:00',13631.68
1883,'2018-11-27 00:00:00',13431.85
1884,'2018-11-28 00:00:00',13331.74
1885,'2018-11-29 00:00:00',13689.15
1886,'2018-11-30 00:00:00',14052.91
1887,'2018-12-01 00:00:00',14133.27
1888,'2018-12-02 00:00:00',13659.4
1889,'2018-12-03 00:00:00',14207.44
1890,'2018-12-04 00:00:00',14242.62
1891,'2018-12-05 00:00:00',14255.79
1892,'2018-12-06 00:00:00',14024.87
1893,'2018-12-07 00:00:00',14057.22
1894,'2018-12-08 00:00:00',14072.42
1895,'2018-12-09 00:00:00',14632.81
1896,'2018-12-10 00:00:00',14639.87
1897,'2018-12-11 00:00:00',14526.42
1898,'2018-12-12 00:00:00',14276.02
1899,'2018-12-13 00:00:00',14242.63
1900,'2018-12-14 00:00:00',14138.54
1901,'2018-12-15 00:00:00',13689.06
1902,'2018-12-16 00:00:00',13979.31
1903,'2018-12-17 00:00:00',14239.5
1904,'2018-12-18 00:00:00',14116.85
1905,'2018-12-19 00:00:00',13990.15
1906,'2018-12-20 00:00:00',13869.27
1907,'2018-12-21 00:00:00',14436.29
1908,'2018-12-22 00:00:00',14203.82
1909,'2018-12-23 00:00:00',14044.21
1910,'2018-12-24 00:00:00',14151.28
1911,'2018-12-25 00:00:00',13983.84
1912,'2018-12-26 00:00:00',13824.68
1913,'2018-12-27 00:00:00',13716.07
1914,'2018-12-28 00:00:00',13326.74
1915,'2018-12-29 00:00:00',13544.92
1916,'2018-12-30 00:00:00',13707.4
1917,'2018-12-31 00:00:00',13347.51
1918,'2019-01-01 00:00:00',13795.77
1919,'2019-01-02 00:00:00',13815.33
1920,'2019-01-03 00:00:00',13447.26
1921,'2019-01-04 00:00:00',13299.38
1922,'2019-01-05 00:00:00',13422.74
1923,'2019-01-06 00:00:00',13427.12
1924,'2019-01-07 00:00:00',14142.94
1925,'2019-01-08 00:00:00',14066.66
1926,'2019-01-09 00:00:00',13507.12
1927,'2019-01-10 00:00:00',13294.36
1928,'2019-01-11 00:00:00',13790.37
1929,'2019-01-12 00:00:00',13604.22
1930,'2019-01-13 00:00:00',14214.47
1931,'2019-01-14 00:00:00',14379.07
1932,'2019-01-15 00:00:00',14485.69
1933,'2019-01-16 00:00:00',14720.13
1934,'2019-01-17 00:00:00',14296.45
1935,'2019-01-18 00:00:00',14348.11
1936,'2019-01-19 00:00:00',14780.7
1937,'2019-01-20 00:00:00',14930.54
1938,'2019-01-21 00:00:00',14850.28
1939,'2019-01-22 00:00:00',14380.35
1940,'2019-01-23 00:00:00',14006.94
1941,'2019-01-24 00:00:00',13831.68
1942,'2019-01-25 00:00:00',13797.76
1943,'2019-01-26 00:00:00',13670.55
1944,'2019-01-27 00:00:00',13685.72
1945,'2019-01-28 00:00:00',14331.56
1946,'2019-01-29 00:00:00',14252.77
1947,'2019-01-30 00:00:00',14344.79
1948,'2019-01-31 00:00:00',14331.43
1949,'2019-02-01 00:00:00',13789.32
1950,'2019-02-02 00:00:00',14344.37
1951,'2019-02-03 00:00:00',14208.62
1952,'2019-02-04 00:00:00',14248.35
1953,'2019-02-05 00:00:00',13975.62
1954,'2019-02-06 00:00:00',13780.03
1955,'2019-02-07 00:00:00',13534.97
1956,'2019-02-08 00:00:00',13332.79
1957,'2019-02-09 00:00:00',13494.21
1958,'2019-02-10 00:00:00',13595.78
1959,'2019-02-11 00:00:00',14175.36
1960,'2019-02-12 00:00:00',14026.4
1961,'2019-02-13 00:00:00',13524.77
1962,'2019-02-14 00:00:00',13793.78
1963,'2019-02-15 00:00:00',12905.43
1964,'2019-02-16 00:00:00',12845.79
1965,'2019-02-17 00:00:00',12969.07
1966,'2019-02-18 00:00:00',13486.87
1967,'2019-02-19 00:00:00',13938.82
1968,'2019-02-20 00:00:00',13427.09
1969,'2019-02-21 00:00:00',13874.37
1970,'2019-02-22 00:00:00',13515.52
1971,'2019-02-23 00:00:00',13632.42
1972,'2019-02-24 00:00:00',13883.81
1973,'2019-02-25 00:00:00',13526.32
1974,'2019-02-26 00:00:00',13210.38
1975,'2019-02-27 00:00:00',13065.07
1976,'2019-02-28 00:00:00',13191.21
1977,'2019-03-01 00:00:00',13395.19
1978,'2019-03-02 00:00:00',13440.83
1979,'2019-03-03 00:00:00',13367.72
1980,'2019-03-04 00:00:00',13418.62
1981,'2019-03-05 00:00:00',13234.42
1982,'2019-03-06 00:00:00',13371.16
1983,'2019-03-07 00:00:00',13257.39
1984,'2019-03-08 00:00:00',13358.57
1985,'2019-03-09 00:00:00',13607.2
1986,'2019-03-10 00:00:00',13815.02
1987,'2019-03-11 00:00:00',13893.83
1988,'2019-03-12 00:00:00',13918.9
1989,'2019-03-13 00:00:00',13794.96
1990,'2019-03-14 00:00:00',14053.21
1991,'2019-03-15 00:00:00',13790.1
1992,'2019-03-16 00:00:00',13602.38
1993,'2019-03-17 00:00:00',13675.05
1994,'2019-03-18 00:00:00',13308.9
1995,'2019-03-19 00:00:00',13320.75
1996,'2019-03-20 00:00:00',13339.75
1997,'2019-03-21 00:00:00',13477.3
1998,'2019-03-22 00:00:00',13606.35
1999,'2019-03-23 00:00:00',13446.83
2000,'2019-03-24 00:00:00',13444.77
2001,'2019-03-25 00:00:00',13333.77
2002,'2019-03-26 00:00:00',13430.96
2003,'2019-03-27 00:00:00',13049.8
2004,'2019-03-28 00:00:00',13324.02
2005,'2019-03-29 00:00:00',13319.23
2006,'2019-03-30 00:00:00',13311.01
2007,'2019-03-31 00:00:00',13424.77
2008,'2019-04-01 00:00:00',13273.54
2009,'2019-04-02 00:00:00',13354.23
2010,'2019-04-03 00:00:00',13216.91
2011,'2019-04-04 00:00:00',13508.11
2012,'2019-04-05 00:00:00',13409.42
2013,'2019-04-06 00:00:00',13316.3
2014,'2019-04-07 00:00:00',13444.75
2015,'2019-04-08 00:00:00',13394.33
2016,'2019-04-09 00:00:00',13528.25
2017,'2019-04-10 00:00:00',13264.25
2018,'2019-04-11 00:00:00',13131.13
2019,'2019-04-12 00:00:00',13560.45
2020,'2019-04-13 00:00:00',13664.67
2021,'2019-04-14 00:00:00',13518.65
2022,'2019-04-15 00:00:00',13915.3
2023,'2019-04-16 00:00:00',14025.86
2024,'2019-04-17 00:00:00',14100.22
2025,'2019-04-18 00:00:00',14173.57
2026,'2019-04-19 00:00:00',13993.66
2027,'2019-04-20 00:00:00',14120.28
2028,'2019-04-21 00:00:00',13882.54
2029,'2019-04-22 00:00:00',13532.83
2030,'2019-04-23 00:00:00',13249.32
2031,'2019-04-24 00:00:00',12997.71
2032,'2019-04-25 00:00:00',13722.57
2033,'2019-04-26 00:00:00',14106.76
2034,'2019-04-27 00:00:00',14165.75
2035,'2019-04-28 00:00:00',14310.89
2036,'2019-04-29 00:00:00',14193.92
2037,'2019-04-30 00:00:00',14020.01
2038,'2019-05-01 00:00:00',14090.86
2039,'2019-05-02 00:00:00',13161.87
2040,'2019-05-03 00:00:00',12869.79
2041,'2019-05-04 00:00:00',11751.17
2042,'2019-05-05 00:00:00',11889.6
2043,'2019-05-06 00:00:00',11914.74
2044,'2019-05-07 00:00:00',11635.61
2045,'2019-05-08 00:00:00',12057.98
2046,'2019-05-09 00:00:00',12665.93
2047,'2019-05-10 00:00:00',13195.37
2048,'2019-05-11 00:00:00',13429.01
2049,'2019-05-12 00:00:00',13412.22
2050,'2019-05-13 00:00:00',13424.22
2051,'2019-05-14 00:00:00',13372.36
2052,'2019-05-15 00:00:00',13607.57
2053,'2019-05-16 00:00:00',13450.47
2054,'2019-05-17 00:00:00',13662.12
2055,'2019-05-18 00:00:00',13293.02
2056,'2019-05-19 00:00:00',13743.16
2057,'2019-05-20 00:00:00',13542.47
2058,'2019-05-21 00:00:00',13478.6
2059,'2019-05-22 00:00:00',13405.81
2060,'2019-05-23 00:00:00',12887.99
2061,'2019-05-24 00:00:00',13372.97
2062,'2019-05-25 00:00:00',13379.03
2063,'2019-05-26 00:00:00',13432.58
2064,'2019-05-27 00:00:00',13064.69
2065,'2019-05-28 00:00:00',13181.38
2066,'2019-05-29 00:00:00',13771.96
2067,'2019-05-30 00:00:00',14192.82
2068,'2019-05-31 00:00:00',14360.14
2069,'2019-06-01 00:00:00',14607.37
2070,'2019-06-02 00:00:00',14566.26
2071,'2019-06-03 00:00:00',14408.12
2072,'2019-06-04 00:00:00',14328.68
2073,'2019-06-05 00:00:00',13941.25
2074,'2019-06-06 00:00:00',13473.97
2075,'2019-06-07 00:00:00',14150.02
2076,'2019-06-08 00:00:00',14346.39
2077,'2019-06-09 00:00:00',14342.76
2078,'2019-06-10 00:00:00',14088.62
2079,'2019-06-11 00:00:00',13709.67
2080,'2019-06-12 00:00:00',13808.37
2081,'2019-06-13 00:00:00',13921.57
2082,'2019-06-14 00:00:00',14201.37
2083,'2019-06-15 00:00:00',13848.61
2084,'2019-06-16 00:00:00',14029.46
2085,'2019-06-17 00:00:00',13978.16
2086,'2019-06-18 00:00:00',13734.85
2087,'2019-06-19 00:00:00',13517.13
2088,'2019-06-20 00:00:00',13896.05
2089,'2019-06-21 00:00:00',13848.98
2090,'2019-06-22 00:00:00',13623.63
2091,'2019-06-23 00:00:00',13803.09
2092,'2019-06-24 00:00:00',13792.22
2093,'2019-06-25 00:00:00',14097.9
2094,'2019-06-26 00:00:00',14060.25
2095,'2019-06-27 00:00:00',13757.8
2096,'2019-06-28 00:00:00',13869.17
2097,'2019-06-29 00:00:00',13902.32
2098,'2019-06-30 00:00:00',13597.65
2099,'2019-07-01 00:00:00',13851.51
2100,'2019-07-02 00:00:00',13979.07
2101,'2019-07-03 00:00:00',13845.05
2102,'2019-07-04 00:00:00',13458.27
2103,'2019-07-05 00:00:00',14373.09
2104,'2019-07-06 00:00:00',13975.13
2105,'2019-07-07 00:00:00',13328.46
2106,'2019-07-08 00:00:00',14030.36
2107,'2019-07-09 00:00:00',13796.56
2108,'2019-07-10 00:00:00',14275.66
2109,'2019-07-11 00:00:00',14016.51
2110,'2019-07-12 00:00:00',14275.98
2111,'2019-07-13 00:00:00',14391.16
2112,'2019-07-14 00:00:00',14389.99
2113,'2019-07-15 00:00:00',14390.58
2114,'2019-07-16 00:00:00',14082.14
2115,'2019-07-17 00:00:00',14054.91
2116,'2019-07-18 00:00:00',13766.11
2117,'2019-07-19 00:00:00',13838.24
2118,'2019-07-20 00:00:00',13625.28
2119,'2019-07-21 00:00:00',13457.09
2120,'2019-07-22 00:00:00',13366.86
2121,'2019-07-23 00:00:00',13241.4
2122,'2019-07-24 00:00:00',13627.06
2123,'2019-07-25 00:00:00',13710.92
2124,'2019-07-26 00:00:00',14024.71
2125,'2019-07-27 00:00:00',13958.94
2126,'2019-07-28 00:00:00',14211.81
2127,'2019-07-29 00:00:00',14281.95
2128,'2019-07-30 00:00:00',14019.03
2129,'2019-07-31 00:00:00',13951.97
2130,'2019-08-01 00:00:00',ND
2131,'2019-08-02 00:00:00',13860.01
2132,'2019-08-03 00:00:00',14047.51
2133,'2019-08-04 00:00:00',13911.56
2134,'2019-08-05 00:00:00',13983.17
2135,'2019-08-06 00:00:00',13094.65
2136,'2019-08-07 00:00:00',13598.11
2137,'2019-08-08 00:00:00',13892.96
2138,'2019-08-09 00:00:00',13888.98
2139,'2019-08-10 00:00:00',13837.68
2140,'2019-08-11 00:00:00',13734.66
2141,'2019-08-12 00:00:00',13475.74
2142,'2019-08-13 00:00:00',12731.06
2143,'2019-08-14 00:00:00',12695.15
2144,'2019-08-15 00:00:00',13026.56
2145,'2019-08-16 00:00:00',13795.95
2146,'2019-08-17 00:00:00',13388.13
2147,'2019-08-18 00:00:00',14006.79
2148,'2019-08-19 00:00:00',13830.12
2149,'2019-08-20 00:00:00',14048.41
2150,'2019-08-21 00:00:00',14140.11
2151,'2019-08-22 00:00:00',14286.7
2152,'2019-08-23 00:00:00',13805.05
2153,'2019-08-24 00:00:00',13774.9
2154,'2019-08-25 00:00:00',13658.39
2155,'2019-08-26 00:00:00',13696.79
2156,'2019-08-27 00:00:00',13315.99
2157,'2019-08-28 00:00:00',13172.6
2158,'2019-08-29 00:00:00',13282.82
2159,'2019-08-30 00:00:00',13275.7
2160,'2019-08-31 00:00:00',13781.98
2161,'2019-09-01 00:00:00',13513.11
2162,'2019-09-02 00:00:00',14298.17
2163,'2019-09-03 00:00:00',13835.87
2164,'2019-09-04 00:00:00',13999.43
2165,'2019-09-05 00:00:00',13925.68
2166,'2019-09-06 00:00:00',13906.05
2167,'2019-09-07 00:00:00',13800.7
2168,'2019-09-08 00:00:00',13759.1
2169,'2019-09-09 00:00:00',13334.31
2170,'2019-09-10 00:00:00',12803.98
2171,'2019-09-11 00:00:00',13002.87
2172,'2019-09-12 00:00:00',13397.92
2173,'2019-09-13 00:00:00',13448.52
2174,'2019-09-14 00:00:00',13280.9
2175,'2019-09-15 00:00:00',12658.78
2176,'2019-09-16 00:00:00',12654.42
2177,'2019-09-17 00:00:00',12881.06
2178,'2019-09-18 00:00:00',13204.54
2179,'2019-09-19 00:00:00',13725.72
2180,'2019-09-20 00:00:00',13692.58
2181,'2019-09-21 00:00:00',13313.52
2182,'2019-09-22 00:00:00',13347.26
2183,'2019-09-23 00:00:00',13754.22
2184,'2019-09-24 00:00:00',13285.43
2185,'2019-09-25 00:00:00',13740.47
2186,'2019-09-26 00:00:00',13784.54
2187,'2019-09-27 00:00:00',14049.03
2188,'2019-09-28 00:00:00',13777.71
2189,'2019-09-29 00:00:00',13883.61
2190,'2019-09-30 00:00:00',13540.96
2191,'2019-10-01 00:00:00',13158.93
2192,'2019-10-02 00:00:00',13145.6
2193,'2019-10-03 00:00:00',13258.83
2194,'2019-10-04 00:00:00',13426.62
2195,'2019-10-05 00:00:00',13421.21
2196,'2019-10-06 00:00:00',13245.47
2197,'2019-10-07 00:00:00',13609.55
2198,'2019-10-08 00:00:00',13378.0
2199,'2019-10-09 00:00:00',12955.23
2200,'2019-10-10 00:00:00',12898.33
2201,'2019-10-11 00:00:00',12922.4
2202,'2019-10-12 00:00:00',12826.21
2203,'2019-10-13 00:00:00',12664.95
2204,'2019-10-14 00:00:00',12765.67
2205,'2019-10-15 00:00:00',13230.52
2206,'2019-10-16 00:00:00',12934.2
2207,'2019-10-17 00:00:00',13680.05
2208,'2019-10-18 00:00:00',13832.07
2209,'2019-10-19 00:00:00',13821.86
2210,'2019-10-20 00:00:00',13829.07
2211,'2019-10-21 00:00:00',13024.73
2212,'2019-10-22 00:00:00',13434.95
2213,'2019-10-23 00:00:00',13434.24
2214,'2019-10-24 00:00:00',13046.64
2215,'2019-10-25 00:00:00',13845.11
2216,'2019-10-26 00:00:00',14064.92
2217,'2019-10-27 00:00:00',14570.2
2218,'2019-10-28 00:00:00',14511.58
2219,'2019-10-29 00:00:00',14249.3
2220,'2019-10-30 00:00:00',14133.32
2221,'2019-10-31 00:00:00',14365.87
2222,'2019-11-01 00:00:00',13998.7
2223,'2019-11-02 00:00:00',13757.73
2224,'2019-11-03 00:00:00',13977.66
2225,'2019-11-04 00:00:00',13856.78
2226,'2019-11-05 00:00:00',13739.99
2227,'2019-11-06 00:00:00',13418.11
2228,'2019-11-07 00:00:00',13545.45
2229,'2019-11-08 00:00:00',13535.59
2230,'2019-11-09 00:00:00',14068.0
2231,'2019-11-10 00:00:00',14019.78
2232,'2019-11-11 00:00:00',14262.8
2233,'2019-11-12 00:00:00',14286.67
2234,'2019-11-13 00:00:00',13899.79
2235,'2019-11-14 00:00:00',14172.82
2236,'2019-11-15 00:00:00',14382.2
2237,'2019-11-16 00:00:00',14447.98
2238,'2019-11-17 00:00:00',14379.72
2239,'2019-11-18 00:00:00',14082.36
2240,'2019-11-19 00:00:00',13896.26
2241,'2019-11-20 00:00:00',13753.05
2242,'2019-11-21 00:00:00',13770.76
2243,'2019-11-22 00:00:00',13849.5
2244,'2019-11-23 00:00:00',13992.54
2245,'2019-11-24 00:00:00',14074.24
2246,'2019-11-25 00:00:00',13777.55
2247,'2019-11-26 00:00:00',13685.52
2248,'2019-11-27 00:00:00',13852.02
2249,'2019-11-28 00:00:00',13731.94
2250,'2019-11-29 00:00:00',13815.72
2251,'2019-11-30 00:00:00',13863.41
2252,'2019-12-01 00:00:00',13041.36
2253,'2019-12-02 00:00:00',13977.49
2254,'2019-12-03 00:00:00',14307.84
2255,'2019-12-04 00:00:00',13944.77
2256,'2019-12-05 00:00:00',14160.01
2257,'2019-12-06 00:00:00',13792.12
2258,'2019-12-07 00:00:00',13829.26
2259,'2019-12-08 00:00:00',14216.54
2260,'2019-12-09 00:00:00',14288.22
2261,'2019-12-10 00:00:00',13974.68
2262,'2019-12-11 00:00:00',13434.1
2263,'2019-12-12 00:00:00',13778.31
2264,'2019-12-13 00:00:00',13368.87
2265,'2019-12-14 00:00:00',13821.91
2266,'2019-12-15 00:00:00',14362.37
2267,'2019-12-16 00:00:00',14278.44
2268,'2019-12-17 00:00:00',14254.83
2269,'2019-12-18 00:00:00',14254.23
2270,'2019-12-19 00:00:00',14355.55
2271,'2019-12-20 00:00:00',14317.14
2272,'2019-12-21 00:00:00',13735.97
2273,'2019-12-22 00:00:00',13501.09
2274,'2019-12-23 00:00:00',13729.75
2275,'2019-12-24 00:00:00',13603.62
2276,'2019-12-25 00:00:00',13304.62
2277,'2019-12-26 00:00:00',13636.72
2278,'2019-12-27 00:00:00',13780.46
2279,'2019-12-28 00:00:00',14114.75
2280,'2019-12-29 00:00:00',13995.69
2281,'2019-12-30 00:00:00',13706.14
2282,'2019-12-31 00:00:00',14141.75
2283,'2020-01-01 00:00:00',14220.82
2284,'2020-01-02 00:00:00',13454.03
2285,'2020-01-03 00:00:00',13822.78
2286,'2020-01-04 00:00:00',13897.91
2287,'2020-01-05 00:00:00',13780.88
2288,'2020-01-06 00:00:00',13801.64
2289,'2020-01-07 00:00:00',14038.59
2290,'2020-01-08 00:00:00',13643.71
2291,'2020-01-09 00:00:00',13275.12
2292,'2020-01-10 00:00:00',13819.58
2293,'2020-01-11 00:00:00',13844.22
2294,'2020-01-12 00:00:00',13727.74
2295,'2020-01-13 00:00:00',13815.58
2296,'2020-01-14 00:00:00',13469.77
2297,'2020-01-15 00:00:00',13300.11
2298,'2020-01-16 00:00:00',13652.22
2299,'2020-01-17 00:00:00',13449.8
2300,'2020-01-18 00:00:00',13329.59
2301,'2020-01-19 00:00:00',12968.46
2302,'2020-01-20 00:00:00',12838.99
2303,'2020-01-21 00:00:00',12664.65
2304,'2020-01-22 00:00:00',13423.93
2305,'2020-01-23 00:00:00',13317.43
2306,'2020-01-24 00:00:00',13308.46
2307,'2020-01-25 00:00:00',13309.44
2308,'2020-01-26 00:00:00',13560.26
2309,'2020-01-27 00:00:00',13957.79
2310,'2020-01-28 00:00:00',13652.74
2311,'2020-01-29 00:00:00',13431.78
2312,'2020-01-30 00:00:00',13556.12
2313,'2020-01-31 00:00:00',13370.63
2314,'2020-02-01 00:00:00',13407.76
2315,'2020-02-02 00:00:00',13290.52
2316,'2020-02-03 00:00:00',13434.29
2317,'2020-02-04 00:00:00',13039.34
2318,'2020-02-05 00:00:00',13140.37
2319,'2020-02-06 00:00:00',13107.32
2320,'2020-02-07 00:00:00',13120.99
2321,'2020-02-08 00:00:00',13261.01
2322,'2020-02-09 00:00:00',13449.09
2323,'2020-02-10 00:00:00',13446.37
2324,'2020-02-11 00:00:00',12624.19
2325,'2020-02-12 00:00:00',13100.42
2326,'2020-02-13 00:00:00',13012.87
2327,'2020-02-14 00:00:00',13063.66
2328,'2020-02-15 00:00:00',12881.33
2329,'2020-02-16 00:00:00',13158.21
2330,'2020-02-17 00:00:00',13034.88
2331,'2020-02-18 00:00:00',12461.21
2332,'2020-02-19 00:00:00',12105.74
2333,'2020-02-20 00:00:00',11578.86
2334,'2020-02-21 00:00:00',12494.09
2335,'2020-02-22 00:00:00',12521.88
2336,'2020-02-23 00:00:00',12807.78
2337,'2020-02-24 00:00:00',12867.9
2338,'2020-02-25 00:00:00',12491.96
2339,'2020-02-26 00:00:00',13203.75
2340,'2020-02-27 00:00:00',13050.24
2341,'2020-02-28 00:00:00',13281.27
2342,'2020-02-29 00:00:00',13327.66
2343,'2020-03-01 00:00:00',13181.7
2344,'2020-03-02 00:00:00',12815.82
2345,'2020-03-03 00:00:00',12773.92
2346,'2020-03-04 00:00:00',12607.38
2347,'2020-03-05 00:00:00',12916.24
2348,'2020-03-06 00:00:00',13099.28
2349,'2020-03-07 00:00:00',13363.72
2350,'2020-03-08 00:00:00',13180.47
2351,'2020-03-09 00:00:00',13065.65
2352,'2020-03-10 00:00:00',12787.91
2353,'2020-03-11 00:00:00',12589.8
2354,'2020-03-12 00:00:00',12706.32
2355,'2020-03-13 00:00:00',13123.52
2356,'2020-03-14 00:00:00',13530.1
2357,'2020-03-15 00:00:00',13476.61
2358,'2020-03-16 00:00:00',13451.26
2359,'2020-03-17 00:00:00',12490.72
2360,'2020-03-18 00:00:00',12580.82
2361,'2020-03-19 00:00:00',13032.18
2362,'2020-03-20 00:00:00',12829.1
2363,'2020-03-21 00:00:00',12498.89
2364,'2020-03-22 00:00:00',12527.15
2365,'2020-03-23 00:00:00',12307.69
2366,'2020-03-24 00:00:00',13098.67
2367,'2020-03-25 00:00:00',12680.0
2368,'2020-03-26 00:00:00',13319.38
2369,'2020-03-27 00:00:00',13225.27
2370,'2020-03-28 00:00:00',13181.68
2371,'2020-03-29 00:00:00',13143.22
2372,'2020-03-30 00:00:00',13336.04
2373,'2020-03-31 00:00:00',13406.5
2374,'2020-04-01 00:00:00',13204.24
2375,'2020-04-02 00:00:00',13311.48
2376,'2020-04-03 00:00:00',13524.36
2377,'2020-04-04 00:00:00',13277.82
2378,'2020-04-05 00:00:00',12963.73
2379,'2020-04-06 00:00:00',12997.35
2380,'2020-04-07 00:00:00',13378.62
2381,'2020-04-08 00:00:00',13602.12
2382,'2020-04-09 00:00:00',13574.08
2383,'2020-04-10 00:00:00',13566.29
2384,'2020-04-11 00:00:00',13572.27
2385,'2020-04-12 00:00:00',13538.61
2386,'2020-04-13 00:00:00',13647.11
2387,'2020-04-14 00:00:00',13502.29
2388,'2020-04-15 00:00:00',13188.8
2389,'2020-04-16 00:00:00',12776.83
2390,'2020-04-17 00:00:00',13124.38
2391,'2020-04-18 00:00:00',12725.99
2392,'2020-04-19 00:00:00',13326.77
2393,'2020-04-20 00:00:00',13194.39
2394,'2020-04-21 00:00:00',12826.46
2395,'2020-04-22 00:00:00',12479.17
2396,'2020-04-23 00:00:00',13071.59
2397,'2020-04-24 00:00:00',13307.47
2398,'2020-04-25 00:00:00',13419.63
2399,'2020-04-26 00:00:00',13398.79
2400,'2020-04-27 00:00:00',12781.0
2401,'2020-04-28 00:00:00',12623.59
2402,'2020-04-29 00:00:00',13021.0
2403,'2020-04-30 00:00:00',13086.46
2404,'2020-05-01 00:00:00',13268.4
2405,'2020-05-02 00:00:00',12952.02
2406,'2020-05-03 00:00:00',13137.04
2407,'2020-05-04 00:00:00',13019.4
2408,'2020-05-05 00:00:00',13025.55
2409,'2020-05-06 00:00:00',13321.83
2410,'2020-05-07 00:00:00',13141.15
2411,'2020-05-08 00:00:00',12918.81
2412,'2020-05-09 00:00:00',13060.37
2413,'2020-05-10 00:00:00',12983.78
2414,'2020-05-11 00:00:00',13074.33
2415,'2020-05-12 00:00:00',13004.29
2416,'2020-05-13 00:00:00',12897.73
2417,'2020-05-14 00:00:00',12693.35
2418,'2020-05-15 00:00:00',12862.13
2419,'2020-05-16 00:00:00',12484.36
2420,'2020-05-17 00:00:00',12489.66
2421,'2020-05-18 00:00:00',ND
2422,'2020-05-19 00:00:00',13321.11
2423,'2020-05-20 00:00:00',12996.72
2424,'2020-05-21 00:00:00',13040.0
2425,'2020-05-22 00:00:00',13127.18
2426,'2020-05-23 00:00:00',12876.97
2427,'2020-05-24 00:00:00',12589.83
2428,'2020-05-25 00:00:00',ND
2429,'2020-05-26 00:00:00',11936.18
2430,'2020-05-27 00:00:00',11804.4
2431,'2020-05-28 00:00:00',12189.81
2432,'2020-05-29 00:00:00',12485.28
2433,'2020-05-30 00:00:00',12627.23
2434,'2020-05-31 00:00:00',13177.31
2435,'2020-06-01 00:00:00',13746.55
2436,'2020-06-02 00:00:00',13717.24
2437,'2020-06-03 00:00:00',13343.12
2438,'2020-06-04 00:00:00',13519.08
2439,'2020-06-05 00:00:00',12895.72
2440,'2020-06-06 00:00:00',12617.44
2441,'2020-06-07 00:00:00',12940.5
2442,'2020-06-08 00:00:00',12660.7
2443,'2020-06-09 00:00:00',12372.99
2444,'2020-06-10 00:00:00',12629.76
2445,'2020-06-11 00:00:00',12537.89
2446,'2020-06-12 00:00:00',12579.45
2447,'2020-06-13 00:00:00',13124.43
2448,'2020-06-14 00:00:00',13146.26
2449,'2020-06-15 00:00:00',13407.93
2450,'2020-06-16 00:00:00',13335.33
2451,'2020-06-17 00:00:00',13462.75
2452,'2020-06-18 00:00:00',13612.15
2453,'2020-06-19 00:00:00',13569.18
2454,'2020-06-20 00:00:00',13633.6
2455,'2020-06-21 00:00:00',13931.4
2456,'2020-06-22 00:00:00',13824.48
2457,'2020-06-23 00:00:00',13604.33
2458,'2020-06-24 00:00:00',13208.15
2459,'2020-06-25 00:00:00',12777.83
2460,'2020-06-26 00:00:00',12921.2
2461,'2020-06-27 00:00:00',12796.62
2462,'2020-06-28 00:00:00',13571.62
2463,'2020-06-29 00:00:00',13571.15
2464,'2020-06-30 00:00:00',13660.66
2465,'2020-07-01 00:00:00',13952.91
2466,'2020-07-02 00:00:00',13957.73
2467,'2020-07-03 00:00:00',13926.92
2468,'2020-07-04 00:00:00',13610.73
2469,'2020-07-05 00:00:00',14110.37
2470,'2020-07-06 00:00:00',13547.22
2471,'2020-07-07 00:00:00',13730.87
2472,'2020-07-08 00:00:00',13747.2
2473,'2020-07-09 00:00:00',13833.7
2474,'2020-07-10 00:00:00',14014.23
2475,'2020-07-11 00:00:00',14082.31
2476,'2020-07-12 00:00:00',14103.97
2477,'2020-07-13 00:00:00',14206.12
2478,'2020-07-14 00:00:00',14109.54
2479,'2020-07-15 00:00:00',14025.52
2480,'2020-07-16 00:00:00',13521.38
2481,'2020-07-17 00:00:00',14150.35
2482,'2020-07-18 00:00:00',13990.07
2483,'2020-07-19 00:00:00',14458.41
2484,'2020-07-20 00:00:00',14446.02
2485,'2020-07-21 00:00:00',14073.32
2486,'2020-07-22 00:00:00',13299.29
2487,'2020-07-23 00:00:00',14111.39
2488,'2020-07-24 00:00:00',13968.17
2489,'2020-07-25 00:00:00',14131.08
2490,'2020-07-26 00:00:00',14305.52
2491,'2020-07-27 00:00:00',14424.67
2492,'2020-07-28 00:00:00',14528.46
2493,'2020-07-29 00:00:00',14236.24
2494,'2020-07-30 00:00:00',14224.62
2495,'2020-07-31 00:00:00',14480.56
2496,'2020-08-01 00:00:00',14194.07
2497,'2020-08-02 00:00:00',14396.03
2498,'2020-08-03 00:00:00',14234.14
2499,'2020-08-04 00:00:00',13685.57
2500,'2020-08-05 00:00:00',14097.75
2501,'2020-08-06 00:00:00',14245.42
2502,'2020-08-07 00:00:00',14257.11
2503,'2020-08-08 00:00:00',13789.16
2504,'2020-08-09 00:00:00',13204.12
2505,'2020-08-10 00:00:00',13351.81
2506,'2020-08-11 00:00:00',14084.13
2507,'2020-08-12 00:00:00',13678.5
2508,'2020-08-13 00:00:00',14030.31
2509,'2020-08-14 00:00:00',13659.24
2510,'2020-08-15 00:00:00',13808.59
2511,'2020-08-16 00:00:00',13621.89
2512,'2020-08-17 00:00:00',13989.23
2513,'2020-08-18 00:00:00',13829.61
2514,'2020-08-19 00:00:00',13795.35
2515,'2020-08-20 00:00:00',14050.85
2516,'2020-08-21 00:00:00',14165.32
2517,'2020-08-22 00:00:00',14216.57
2518,'2020-08-23 00:00:00',14052.4
2519,'2020-08-24 00:00:00',14558.48
2520,'2020-08-25 00:00:00',14540.03
2521,'2020-08-26 00:00:00',14466.8
2522,'2020-08-27 00:00:00',14465.43
2523,'2020-08-28 00:00:00',14441.12
2524,'2020-08-29 00:00:00',14151.69
2525,'2020-08-30 00:00:00',13535.27
2526,'2020-08-31 00:00:00',14117.05
2527,'2020-09-01 00:00:00',14302.34
2528,'2020-09-02 00:00:00',14168.99
2529,'2020-09-03 00:00:00',14349.09
2530,'2020-09-04 00:00:00',14028.44
2531,'2020-09-05 00:00:00',14223.32
2532,'2020-09-06 00:00:00',14300.04
2533,'2020-09-07 00:00:00',13923.97
2534,'2020-09-08 00:00:00',13754.44
2535,'2020-09-09 00:00:00',13685.83
2536,'2020-09-10 00:00:00',14094.03
2537,'2020-09-11 00:00:00',13783.2
2538,'2020-09-12 00:00:00',13598.01
2539,'2020-09-13 00:00:00',13678.38
2540,'2020-09-14 00:00:00',13565.25
2541,'2020-09-15 00:00:00',13271.56
2542,'2020-09-16 00:00:00',12617.23
2543,'2020-09-17 00:00:00',13180.24
2544,'2020-09-18 00:00:00',13042.56
2545,'2020-09-19 00:00:00',12706.27
2546,'2020-09-20 00:00:00',12686.87
2547,'2020-09-21 00:00:00',12760.16
2548,'2020-09-22 00:00:00',13202.39
2549,'2020-09-23 00:00:00',13341.62
2550,'2020-09-24 00:00:00',13624.23
2551,'2020-09-25 00:00:00',13777.78
2552,'2020-09-26 00:00:00',13368.63
2553,'2020-09-27 00:00:00',13098.36
2554,'2020-09-28 00:00:00',13525.58
2555,'2020-09-29 00:00:00',13528.92
2556,'2020-09-30 00:00:00',14280.89
2557,'2020-10-01 00:00:00',12154.46
2558,'2020-10-02 00:00:00',12526.57
2559,'2020-10-03 00:00:00',12396.67
2560,2020-10-04 17:04:13.965029,12396.67
2561,2020-10-05 14:00:05.037880,12473.51
2562,2020-10-06 14:00:25.391213,12519.63
2563,2020-10-07 14:00:31.281658,12811.57
2564,2020-10-08 14:00:49.193262,12715.18
2565,2020-10-09 14:00:37.044187,12468.61
2566,2020-10-10 14:00:27.689599,12484.68
2567,2020-10-11 14:00:38.094366,12497.17
2568,2020-10-12 14:01:58.534389,ND
2569,2020-10-13 14:00:24.849352,12322.28
2570,2020-10-14 14:00:35.171684,12345.46
2571,2020-10-15 14:00:24.535869,12557.14
2572,2020-10-16 14:00:26.115471,12627.88
2573,2020-10-17 14:00:36.610652,13400.15
2574,2020-10-18 14:00:28.746025,13009.02
2575,2020-10-19 14:00:28.068460,13261.18
2576,2020-10-20 14:00:29.322331,13358
2577,2020-10-21 14:00:29.770061,13203.84
2578,2020-10-22 14:00:29.867961,12716.25
2579,2020-10-23 14:00:28.514450,12382.66
2580,2020-10-24 14:00:26.502456,12749.57
2581,2020-10-25 14:00:25.941157,12903.51
2582,2020-10-26 14:00:28.134934,12891.7
2583,2020-10-27 14:00:29.216541,12820.05
2584,2020-10-28 14:00:58.090140,12823.85
2585,2020-10-29 14:00:35.165195,12931.03
2586,2020-10-31 14:00:41.117228,12618.61
2587,2020-11-01 14:00:31.513342,12831.66
2588,2020-11-02 14:00:44.049165,12913.86
2589,2020-11-03 14:00:41.395467,13033.17
2590,2020-11-04 14:00:32.453387,12931.86
2591,2020-11-05 14:00:43.616696,12678.5
2592,2020-11-06 14:00:28.724229,11957.97
2593,2020-11-07 14:00:32.667329,11545.54
2594,2020-11-08 14:00:39.540637,11604.67
2595,2020-11-10 14:00:38.966361,ND
2596,2020-11-11 14:01:05.225152,ND
2597,2020-11-12 14:00:32.046030,12627.07
2598,2020-11-13 14:00:36.435812,13107.71
2599,2020-11-14 14:00:32.851179,13003.7
2600,2020-11-15 14:00:32.124817,13158.9
2601,2020-11-17 14:00:49.756762,13565.62
2602,2020-11-18 14:00:34.502747,13232.24
2603,2020-11-19 14:00:36.118306,12656.07
2604,2020-11-20 14:00:35.102894,12788.7
2605,2020-11-22 14:00:32.665976,12651.72
2606,2020-11-23 14:00:28.791229,12652.86
2607,2020-11-24 14:00:45.086182,12216.58
2608,2020-11-25 14:00:49.161684,ND
2609,2020-11-26 14:00:30.087535,12189.24
2610,2020-11-27 14:00:31.495593,12587.73
2611,2020-11-28 14:00:30.169463,12653.35
2612,2020-11-29 14:00:33.377184,12731.86
2613,2020-11-30 14:00:43.102540,12935.14
2614,2020-12-01 14:00:30.767335,12755.74
2615,2020-12-02 14:00:58.896573,13069.33
2616,2020-12-04 14:00:29.698704,13310.19
2617,2020-12-06 14:00:32.194586,12397.19
2618,2020-12-08 14:00:32.732226,12329.78
2619,2020-12-09 14:00:46.606383,12393.81
2620,2020-12-10 14:00:32.718688,12340.54
2621,2020-12-11 14:00:33.914257,13212.47
2622,2020-12-12 14:00:32.124140,13360.75
2623,2020-12-13 14:00:31.549067,13000.21
2624,2020-12-14 14:00:35.004057,13141.1
2625,2020-12-15 14:01:36.197104,13262.24
2626,2020-12-16 14:00:35.195617,13515.66
2627,2020-12-17 14:00:32.746695,13584.61
2628,2020-12-18 14:00:31.897773,13739.74
2629,2020-12-19 14:00:28.186255,13723.76
2630,2020-12-20 14:00:31.203746,13764.57
2631,2020-12-21 14:00:28.722149,14169.31
2632,2020-12-22 14:00:50.120794,13943.38
2633,2020-12-23 14:00:28.318626,13892.18
2634,2020-12-25 14:00:51.723673,13278.41
2635,2020-12-26 14:00:35.057059,13819.87
2636,2020-12-27 14:00:31.467921,14145.75
2637,2020-12-28 14:00:27.376346,14293.58
2638,2020-12-29 14:00:29.346164,13893.04
2639,2020-12-30 14:00:33.786418,14300.99
2640,2020-12-31 14:00:53.240952,14261.2
2641,2021-01-01 14:00:29.887588,14049.69
2642,2021-01-02 14:00:39.356750,13985.05
2643,2021-01-03 14:00:31.126750,14090.82
2644,2021-01-04 14:00:30.777923,14168.75
