,Id,Value,Date
0,Sistema,9520171994,2013-10-01
1,Sistema,9480617576.9,2013-10-02
2,Sistema,9488427942.9,2013-10-03
3,Sistema,9685847285.1,2013-10-04
4,Sistema,9726045133.9,2013-10-05
5,Sistema,9724869616.5,2013-10-06
6,Sistema,9688387580.4,2013-10-07
7,Sistema,9687093429.1,2013-10-08
8,Sistema,9654790479.1,2013-10-09
9,Sistema,9636406816.8,2013-10-10
10,Sistema,9613226706.3,2013-10-11
11,Sistema,9593615239.1,2013-10-12
12,Sistema,9658384496.9,2013-10-13
13,Sistema,9711373924.9,2013-10-14
14,Sistema,9741773137,2013-10-15
15,Sistema,9750989724,2013-10-16
16,Sistema,9751690553.5,2013-10-17
17,Sistema,9714431521.5,2013-10-18
18,Sistema,9694413913.8,2013-10-19
19,Sistema,9689002645.9,2013-10-20
20,Sistema,9681752522.7,2013-10-21
21,Sistema,9722701605.8,2013-10-22
22,Sistema,9716285901.7,2013-10-23
23,Sistema,9702874107.7,2013-10-24
24,Sistema,9675715669.1,2013-10-25
25,Sistema,9648333806.9,2013-10-26
26,Sistema,9652176472.9,2013-10-27
27,Sistema,9613475859,2013-10-28
28,Sistema,9567430873.8,2013-10-29
29,Sistema,9545043035.7,2013-10-30
30,Sistema,9530486646.5,2013-10-31
31,Sistema,9502936376.8,2013-11-01
32,Sistema,9501767121.1,2013-11-02
33,Sistema,9526551755.9,2013-11-03
34,Sistema,9643836919.6,2013-11-04
35,Sistema,9754953628.4,2013-11-05
36,Sistema,9823879266.7,2013-11-06
37,Sistema,9947779442.7,2013-11-07
38,Sistema,9999161399.3,2013-11-08
39,Sistema,10056224396.1,2013-11-09
40,Sistema,10114283358,2013-11-10
41,Sistema,10119514782.2,2013-11-11
42,Sistema,10138029785.7,2013-11-12
43,Sistema,10147915659.6,2013-11-13
44,Sistema,10176269504.6,2013-11-14
45,Sistema,10210347650.1,2013-11-15
46,Sistema,10202480393.6,2013-11-16
47,Sistema,10207701020.5,2013-11-17
48,Sistema,10175824061.5,2013-11-18
49,Sistema,10185551714.6,2013-11-19
50,Sistema,10202401173.6,2013-11-20
51,Sistema,10246327007.9,2013-11-21
52,Sistema,10233449501.8,2013-11-22
53,Sistema,10225507756.2,2013-11-23
54,Sistema,10270000832.3,2013-11-24
55,Sistema,10276320224.9,2013-11-25
56,Sistema,10301681376.6,2013-11-26
57,Sistema,10337717994.8,2013-11-27
58,Sistema,10359202387.4,2013-11-28
59,Sistema,10380753259.2,2013-11-29
60,Sistema,10436367710.1,2013-11-30
61,Sistema,10518823498.7,2013-12-01
62,Sistema,10632257206.9,2013-12-02
63,Sistema,10692760872.8,2013-12-03
64,Sistema,10714866044.2,2013-12-04
65,Sistema,10722004626.8,2013-12-05
66,Sistema,10723867027.1,2013-12-06
67,Sistema,10737463945.7,2013-12-07
68,Sistema,10771677286.8,2013-12-08
69,Sistema,10777236043.2,2013-12-09
70,Sistema,10760460092,2013-12-10
71,Sistema,10739715865,2013-12-11
72,Sistema,10710879973.6,2013-12-12
73,Sistema,10679184186.8,2013-12-13
74,Sistema,10660419342.5,2013-12-14
75,Sistema,10683727340.1,2013-12-15
76,Sistema,10668741247,2013-12-16
77,Sistema,10670584327.4,2013-12-17
78,Sistema,10665287977,2013-12-18
79,Sistema,10655441282,2013-12-19
80,Sistema,10636427171.5,2013-12-20
81,Sistema,10611293124.4,2013-12-21
82,Sistema,10629669442.3,2013-12-22
83,Sistema,10692294936.3,2013-12-23
84,Sistema,10722097669.5,2013-12-24
85,Sistema,10733742003.1,2013-12-25
86,Sistema,10696307923.4,2013-12-26
87,Sistema,10650554813.9,2013-12-27
88,Sistema,10602835415,2013-12-28
89,Sistema,10575054276.7,2013-12-29
90,Sistema,10525240308.6,2013-12-30
91,Sistema,10495055419.3,2013-12-31
92,Sistema,10485067640.5,2014-01-01
93,Sistema,10450039772.2,2014-01-02
94,Sistema,10419556051.3,2014-01-03
95,Sistema,10374439905.6,2014-01-04
96,Sistema,10359709667,2014-01-05
97,Sistema,10390381754.4,2014-01-06
98,Sistema,10397587803.2,2014-01-07
99,Sistema,10390147457.9,2014-01-08
100,Sistema,10374653245.7,2014-01-09
101,Sistema,10350831026.9,2014-01-10
102,Sistema,10335545352.6,2014-01-11
103,Sistema,10326366586.5,2014-01-12
104,Sistema,10275449009.4,2014-01-13
105,Sistema,10211585392.4,2014-01-14
106,Sistema,10155577385.4,2014-01-15
107,Sistema,10094911119.1,2014-01-16
108,Sistema,10039020006.7,2014-01-17
109,Sistema,9980362663.1,2014-01-18
110,Sistema,9942298028.8,2014-01-19
111,Sistema,9883705176.3,2014-01-20
112,Sistema,9826923278.3,2014-01-21
113,Sistema,9768530308.7,2014-01-22
114,Sistema,9705582786.5,2014-01-23
115,Sistema,9634952356.6,2014-01-24
116,Sistema,9568375377,2014-01-25
117,Sistema,9537973921.5,2014-01-26
118,Sistema,9464595359.6,2014-01-27
119,Sistema,9387811957.1,2014-01-28
120,Sistema,9332342526.5,2014-01-29
121,Sistema,9265434451.1,2014-01-30
122,Sistema,9210735430.2,2014-01-31
123,Sistema,9151726143.9,2014-02-01
124,Sistema,9127887658.9,2014-02-02
125,Sistema,9078911590.6,2014-02-03
126,Sistema,9021941884.6,2014-02-04
127,Sistema,8961925658.2,2014-02-05
128,Sistema,8914182992.2,2014-02-06
129,Sistema,8860551706.6,2014-02-07
130,Sistema,8797798605.8,2014-02-08
131,Sistema,8763056708.2,2014-02-09
132,Sistema,8694585656.3,2014-02-10
133,Sistema,8639179267,2014-02-11
134,Sistema,8569039153.4,2014-02-12
135,Sistema,8516726599.5,2014-02-13
136,Sistema,8460079669.8,2014-02-14
137,Sistema,8399521193.1,2014-02-15
138,Sistema,8358170251.4,2014-02-16
139,Sistema,8292520421,2014-02-17
140,Sistema,8242301290.8,2014-02-18
141,Sistema,8193720310.9,2014-02-19
142,Sistema,8156926376.9,2014-02-20
143,Sistema,8140050982.6,2014-02-21
144,Sistema,8115264989.5,2014-02-22
145,Sistema,8099575666.8,2014-02-23
146,Sistema,8032060781.1,2014-02-24
147,Sistema,8013900571.4,2014-02-25
148,Sistema,7973402816.5,2014-02-26
149,Sistema,8048067337.1,2014-02-27
150,Sistema,8098809461.2,2014-02-28
151,Sistema,8113233414.1,2014-03-01
152,Sistema,8111766143.9,2014-03-02
153,Sistema,8135054794.5,2014-03-03
154,Sistema,8149910800,2014-03-04
155,Sistema,8136410344.2,2014-03-05
156,Sistema,8110441276,2014-03-06
157,Sistema,8091855103.2,2014-03-07
158,Sistema,8080897475.8,2014-03-08
159,Sistema,8090603590.2,2014-03-09
160,Sistema,8059672084.9,2014-03-10
161,Sistema,8019619819.6,2014-03-11
162,Sistema,8000133867.5,2014-03-12
163,Sistema,7978987624.3,2014-03-13
164,Sistema,7946982589.8,2014-03-14
165,Sistema,7959913134.7,2014-03-15
166,Sistema,7962658474.6,2014-03-16
167,Sistema,7915647366.5,2014-03-17
168,Sistema,7881153248.1,2014-03-18
169,Sistema,7833469625.9,2014-03-19
170,Sistema,7778445095,2014-03-20
171,Sistema,7711166863.8,2014-03-21
172,Sistema,7651400604.5,2014-03-22
173,Sistema,7620132463.3,2014-03-23
174,Sistema,7584876703,2014-03-24
175,Sistema,7541641699.9,2014-03-25
176,Sistema,7522174937.8,2014-03-26
177,Sistema,7449674933.2,2014-03-27
178,Sistema,7378592155.7,2014-03-28
179,Sistema,7314676236,2014-03-29
180,Sistema,7260927126.4,2014-03-30
181,Sistema,7189559496.9,2014-03-31
182,Sistema,7113913441.9,2014-04-01
183,Sistema,7040598535.3,2014-04-02
184,Sistema,6987408326.4,2014-04-03
185,Sistema,6945861469.8,2014-04-04
186,Sistema,6916339739.3,2014-04-05
187,Sistema,6893975241.2,2014-04-06
188,Sistema,6871590861.8,2014-04-07
189,Sistema,6863751863.7,2014-04-08
190,Sistema,6820779594.9,2014-04-09
191,Sistema,6769150758.9,2014-04-10
192,Sistema,6699714175.4,2014-04-11
193,Sistema,6635484077,2014-04-12
194,Sistema,6595667219.1,2014-04-13
195,Sistema,6526152630.4,2014-04-14
196,Sistema,6474967775.4,2014-04-15
197,Sistema,6441717846.9,2014-04-16
198,Sistema,6444338361.4,2014-04-17
199,Sistema,6413881189.9,2014-04-18
200,Sistema,6436876721.3,2014-04-19
201,Sistema,6453879334.3,2014-04-20
202,Sistema,6432725154.2,2014-04-21
203,Sistema,6415385134.6,2014-04-22
204,Sistema,6393618148.5,2014-04-23
205,Sistema,6517288714.6,2014-04-24
206,Sistema,6509552286,2014-04-25
207,Sistema,6638465600.1,2014-04-26
208,Sistema,6695000984.5,2014-04-27
209,Sistema,6710798393,2014-04-28
210,Sistema,6783998255.3,2014-04-29
211,Sistema,6789368527.6,2014-04-30
212,Sistema,6819702794.8,2014-05-01
213,Sistema,6816215342.9,2014-05-02
214,Sistema,6815851330.4,2014-05-03
215,Sistema,6833209639.8,2014-05-04
216,Sistema,6798201225.2,2014-05-05
217,Sistema,6800955097.2,2014-05-06
218,Sistema,6795616007.5,2014-05-07
219,Sistema,6795330319.6,2014-05-08
220,Sistema,6892818710.8,2014-05-09
221,Sistema,6955298543.5,2014-05-10
222,Sistema,7103077494.1,2014-05-11
223,Sistema,7163180219.3,2014-05-12
224,Sistema,7224868189.1,2014-05-13
225,Sistema,7253364274.2,2014-05-14
226,Sistema,7291434764.3,2014-05-15
227,Sistema,7306991154.1,2014-05-16
228,Sistema,7359226328.3,2014-05-17
229,Sistema,7417747369.3,2014-05-18
230,Sistema,7410889386.2,2014-05-19
231,Sistema,7416491498.3,2014-05-20
232,Sistema,7430701996.4,2014-05-21
233,Sistema,7436818070,2014-05-22
234,Sistema,7440098719.6,2014-05-23
235,Sistema,7452014087.7,2014-05-24
236,Sistema,7446172042.4,2014-05-25
237,Sistema,7420001472.9,2014-05-26
238,Sistema,7408216737.5,2014-05-27
239,Sistema,7409337390.1,2014-05-28
240,Sistema,7426286370.8,2014-05-29
241,Sistema,7434112330.1,2014-05-30
242,Sistema,7495368331.8,2014-05-31
243,Sistema,7540979043.1,2014-06-01
244,Sistema,7605343776.2,2014-06-02
245,Sistema,7637932037.2,2014-06-03
246,Sistema,7660894926.9,2014-06-04
247,Sistema,7661695306.9,2014-06-05
248,Sistema,7700202684.3,2014-06-06
249,Sistema,7935811212.6,2014-06-07
250,Sistema,8105725194.1,2014-06-08
251,Sistema,8144646817.3,2014-06-09
252,Sistema,8230419706.6,2014-06-10
253,Sistema,8276046996.6,2014-06-11
254,Sistema,8270780451,2014-06-12
255,Sistema,8274850530.9,2014-06-13
256,Sistema,8483906929.6,2014-06-14
257,Sistema,8654300709.5,2014-06-15
258,Sistema,8697923486.3,2014-06-16
259,Sistema,8738761183.8,2014-06-17
260,Sistema,8799419240.2,2014-06-18
261,Sistema,8927382647.2,2014-06-19
262,Sistema,9024260199.6,2014-06-20
263,Sistema,9080730328.2,2014-06-21
264,Sistema,9159891613.9,2014-06-22
265,Sistema,9297178725.3,2014-06-23
266,Sistema,9480833453.5,2014-06-24
267,Sistema,9721715394.3,2014-06-25
268,Sistema,9858782422.7,2014-06-26
269,Sistema,9909285229,2014-06-27
270,Sistema,9942093924.7,2014-06-28
271,Sistema,9966835895.2,2014-06-29
272,Sistema,10001336797.6,2014-06-30
273,Sistema,10068132716.6,2014-07-01
274,Sistema,10170000234.8,2014-07-02
275,Sistema,10207614083.4,2014-07-03
276,Sistema,10239047045,2014-07-04
277,Sistema,10288885033.3,2014-07-05
278,Sistema,10311677182,2014-07-06
279,Sistema,10430829553.6,2014-07-07
280,Sistema,10514426538,2014-07-08
281,Sistema,10542185247.3,2014-07-09
282,Sistema,10543072698.4,2014-07-10
283,Sistema,10573718596.7,2014-07-11
284,Sistema,10608676314.8,2014-07-12
285,Sistema,10699929078.3,2014-07-13
286,Sistema,10763330715.3,2014-07-14
287,Sistema,10808891044.6,2014-07-15
288,Sistema,10829732260.3,2014-07-16
289,Sistema,10858645302,2014-07-17
290,Sistema,10907830326.2,2014-07-18
291,Sistema,10928591641.3,2014-07-19
292,Sistema,10975632334.4,2014-07-20
293,Sistema,10979082409.1,2014-07-21
294,Sistema,10984346527.8,2014-07-22
295,Sistema,11002002151.1,2014-07-23
296,Sistema,11003670090.5,2014-07-24
297,Sistema,10998951003.9,2014-07-25
298,Sistema,11017819744,2014-07-26
299,Sistema,11048542232.2,2014-07-27
300,Sistema,11036177424.4,2014-07-28
301,Sistema,11018507659.2,2014-07-29
302,Sistema,11008312419.7,2014-07-30
303,Sistema,11002555665.3,2014-07-31
304,Sistema,10975251818.5,2014-08-01
305,Sistema,11031507861.7,2014-08-02
306,Sistema,11065978010,2014-08-03
307,Sistema,11050544259,2014-08-04
308,Sistema,11020354625.5,2014-08-05
309,Sistema,11055976393.9,2014-08-06
310,Sistema,11166076629.9,2014-08-07
311,Sistema,11216117698,2014-08-08
312,Sistema,11273994012.6,2014-08-09
313,Sistema,11348588909.7,2014-08-10
314,Sistema,11379920499.8,2014-08-11
315,Sistema,11436684770.5,2014-08-12
316,Sistema,11435819750.4,2014-08-13
317,Sistema,11464018263.3,2014-08-14
318,Sistema,11444884073.5,2014-08-15
319,Sistema,11445182087,2014-08-16
320,Sistema,11486308315.7,2014-08-17
321,Sistema,11517424946.1,2014-08-18
322,Sistema,11493644531.1,2014-08-19
323,Sistema,11463195807.3,2014-08-20
324,Sistema,11419378027.9,2014-08-21
325,Sistema,11367092800.7,2014-08-22
326,Sistema,11346005942.2,2014-08-23
327,Sistema,11344411603.4,2014-08-24
328,Sistema,11351628336.6,2014-08-25
329,Sistema,11385386943.6,2014-08-26
330,Sistema,11397742040.1,2014-08-27
331,Sistema,11433723792.7,2014-08-28
332,Sistema,11432908166.1,2014-08-29
333,Sistema,11394579414.2,2014-08-30
334,Sistema,11370796072.5,2014-08-31
335,Sistema,11300518240.7,2014-09-01
336,Sistema,11262674805.9,2014-09-02
337,Sistema,11256075556.4,2014-09-03
338,Sistema,11261637163.1,2014-09-04
339,Sistema,11223850893.7,2014-09-05
340,Sistema,11223363397.4,2014-09-06
341,Sistema,11247184293.5,2014-09-07
342,Sistema,11220950899.4,2014-09-08
343,Sistema,11190939621.8,2014-09-09
344,Sistema,11154523571.5,2014-09-10
345,Sistema,11179547538.9,2014-09-11
346,Sistema,11191592643.8,2014-09-12
347,Sistema,11281930771.9,2014-09-13
348,Sistema,11342173682.8,2014-09-14
349,Sistema,11366050437.1,2014-09-15
350,Sistema,11364899912.4,2014-09-16
351,Sistema,11373230067.6,2014-09-17
352,Sistema,11350351769.6,2014-09-18
353,Sistema,11315796963.3,2014-09-19
354,Sistema,11359463333.5,2014-09-20
355,Sistema,11385456035.5,2014-09-21
356,Sistema,11379542968.9,2014-09-22
357,Sistema,11360967876.4,2014-09-23
358,Sistema,11319232283.4,2014-09-24
359,Sistema,11300074785.8,2014-09-25
360,Sistema,11300876177.8,2014-09-26
361,Sistema,11282239124.7,2014-09-27
362,Sistema,11279213645.8,2014-09-28
363,Sistema,11240620082.4,2014-09-29
364,Sistema,11173396382.2,2014-09-30
365,Sistema,11122256409.9,2014-10-01
366,Sistema,11063342023.8,2014-10-02
367,Sistema,11020312440.2,2014-10-03
368,Sistema,10985141827.3,2014-10-04
369,Sistema,10969138961.7,2014-10-05
370,Sistema,10943887551.4,2014-10-06
371,Sistema,10986929851.3,2014-10-07
372,Sistema,11034474009.9,2014-10-08
373,Sistema,11171904938.8,2014-10-09
374,Sistema,11222373413.5,2014-10-10
375,Sistema,11266738916.1,2014-10-11
376,Sistema,11339875226.7,2014-10-12
377,Sistema,11452452924.4,2014-10-13
378,Sistema,11474820602.6,2014-10-14
379,Sistema,11489053942.6,2014-10-15
380,Sistema,11502359491.7,2014-10-16
381,Sistema,11500545587.4,2014-10-17
382,Sistema,11547695901.3,2014-10-18
383,Sistema,11609523258.4,2014-10-19
384,Sistema,11615716708.8,2014-10-20
385,Sistema,11590535853.5,2014-10-21
386,Sistema,11602609371.1,2014-10-22
387,Sistema,11592935994.2,2014-10-23
388,Sistema,11597996433.8,2014-10-24
389,Sistema,11594918538.4,2014-10-25
390,Sistema,11674931392.7,2014-10-26
391,Sistema,11677590644.2,2014-10-27
392,Sistema,11667299768.3,2014-10-28
393,Sistema,11678053929.3,2014-10-29
394,Sistema,11710439301.4,2014-10-30
395,Sistema,11776814283,2014-10-31
396,Sistema,11803482645.7,2014-11-01
397,Sistema,11816865660.8,2014-11-02
398,Sistema,11802743903.5,2014-11-03
399,Sistema,11775910127,2014-11-04
400,Sistema,11753166995.2,2014-11-05
401,Sistema,11758160745.8,2014-11-06
402,Sistema,11775020183.3,2014-11-07
403,Sistema,11785866355.3,2014-11-08
404,Sistema,11809473234.6,2014-11-09
405,Sistema,11853141417.8,2014-11-10
406,Sistema,11936044325.3,2014-11-11
407,Sistema,12013332158.1,2014-11-12
408,Sistema,12063100994.6,2014-11-13
409,Sistema,12112650426.2,2014-11-14
410,Sistema,12105066251.9,2014-11-15
411,Sistema,12139454017.3,2014-11-16
412,Sistema,12133396843.7,2014-11-17
413,Sistema,12111451994.5,2014-11-18
414,Sistema,12139917135,2014-11-19
415,Sistema,12123620050.9,2014-11-20
416,Sistema,12113026201.8,2014-11-21
417,Sistema,12116120061,2014-11-22
418,Sistema,12132475651.1,2014-11-23
419,Sistema,12154005459.3,2014-11-24
420,Sistema,12142002676.8,2014-11-25
421,Sistema,12123251174.2,2014-11-26
422,Sistema,12104108261.2,2014-11-27
423,Sistema,12070380669.3,2014-11-28
424,Sistema,12017225403.6,2014-11-29
425,Sistema,12012010356.9,2014-11-30
426,Sistema,12712408411.3,2014-12-01
427,Sistema,12676466632.1,2014-12-02
428,Sistema,12611455403,2014-12-03
429,Sistema,12556621581.4,2014-12-04
430,Sistema,12519532618.5,2014-12-05
431,Sistema,12495394409.6,2014-12-06
432,Sistema,12514838146,2014-12-07
433,Sistema,12535559651.7,2014-12-08
434,Sistema,12546847840.6,2014-12-09
435,Sistema,12579956782.8,2014-12-10
436,Sistema,12617018965.5,2014-12-11
437,Sistema,12632969074.4,2014-12-12
438,Sistema,12646004141.8,2014-12-13
439,Sistema,12720116227.2,2014-12-14
440,Sistema,12732067291.4,2014-12-15
441,Sistema,12739359451.5,2014-12-16
442,Sistema,12716756052.8,2014-12-17
443,Sistema,12697069546.8,2014-12-18
444,Sistema,12665977057.2,2014-12-19
445,Sistema,12620738567.6,2014-12-20
446,Sistema,12590868750,2014-12-21
447,Sistema,12540128295.5,2014-12-22
448,Sistema,12490622909.2,2014-12-23
449,Sistema,12449831525.4,2014-12-24
450,Sistema,12433012232.9,2014-12-25
451,Sistema,12375094004,2014-12-26
452,Sistema,12319393904.8,2014-12-27
453,Sistema,12286005629.1,2014-12-28
454,Sistema,12222224378.6,2014-12-29
455,Sistema,12164030729,2014-12-30
456,Sistema,12132080606.2,2014-12-31
457,Sistema,12095863319,2015-01-01
458,Sistema,12054790776.4,2015-01-02
459,Sistema,12003244980.4,2015-01-03
460,Sistema,11962256983.3,2015-01-04
461,Sistema,11894600127.1,2015-01-05
462,Sistema,11821706456.5,2015-01-06
463,Sistema,11754130684.6,2015-01-07
464,Sistema,11679206594.1,2015-01-08
465,Sistema,11615909042.2,2015-01-09
466,Sistema,11568522749.9,2015-01-10
467,Sistema,11532429746.8,2015-01-11
468,Sistema,11491670876,2015-01-12
469,Sistema,11436808342.4,2015-01-13
470,Sistema,11355193420.6,2015-01-14
471,Sistema,11285404169.7,2015-01-15
472,Sistema,11206226332.2,2015-01-16
473,Sistema,11150458234.5,2015-01-17
474,Sistema,11109952334.3,2015-01-18
475,Sistema,11060502219.8,2015-01-19
476,Sistema,10996472840.2,2015-01-20
477,Sistema,10963199533.2,2015-01-21
478,Sistema,10941126775.5,2015-01-22
479,Sistema,10940271809.1,2015-01-23
480,Sistema,10922627426.5,2015-01-24
481,Sistema,10878672394.5,2015-01-25
482,Sistema,10798876021.2,2015-01-26
483,Sistema,10724056862.2,2015-01-27
484,Sistema,10653720937.9,2015-01-28
485,Sistema,10580436105.3,2015-01-29
486,Sistema,10519968389,2015-01-30
487,Sistema,10489855560.1,2015-01-31
488,Sistema,10525211942.3,2015-02-01
489,Sistema,10486515620.5,2015-02-02
490,Sistema,10439866155.7,2015-02-03
491,Sistema,10372867790.7,2015-02-04
492,Sistema,10298723003.5,2015-02-05
493,Sistema,10254701575.9,2015-02-06
494,Sistema,10203707317.7,2015-02-07
495,Sistema,10214935119.7,2015-02-08
496,Sistema,10208356894.2,2015-02-09
497,Sistema,10205132132.7,2015-02-10
498,Sistema,10176443648.6,2015-02-11
499,Sistema,10117478371.5,2015-02-12
500,Sistema,10152759991.2,2015-02-13
501,Sistema,10126679564.3,2015-02-14
502,Sistema,10089234473.5,2015-02-15
503,Sistema,10010302636,2015-02-16
504,Sistema,9926352817.8,2015-02-17
505,Sistema,9828791028,2015-02-18
506,Sistema,9734399224.2,2015-02-19
507,Sistema,9642932996.8,2015-02-20
508,Sistema,9566940261.1,2015-02-21
509,Sistema,9495698229.5,2015-02-22
510,Sistema,9400148754.6,2015-02-23
511,Sistema,9305398085.7,2015-02-24
512,Sistema,9211366336.3,2015-02-25
513,Sistema,9126299123.3,2015-02-26
514,Sistema,9067122149.8,2015-02-27
515,Sistema,8990604621.6,2015-02-28
516,Sistema,8937597691.1,2015-03-01
517,Sistema,8872934274.4,2015-03-02
518,Sistema,8764780000.2,2015-03-03
519,Sistema,8691687589.7,2015-03-04
520,Sistema,8621070825.3,2015-03-05
521,Sistema,8564635482,2015-03-06
522,Sistema,8511299972.2,2015-03-07
523,Sistema,8455755814,2015-03-08
524,Sistema,8345490078.8,2015-03-09
525,Sistema,8275213163.4,2015-03-10
526,Sistema,8185611051.9,2015-03-11
527,Sistema,8103532233.5,2015-03-12
528,Sistema,8032637008.7,2015-03-13
529,Sistema,7955559464.8,2015-03-14
530,Sistema,7907626600.1,2015-03-15
531,Sistema,7831673873,2015-03-16
532,Sistema,7754053705.2,2015-03-17
533,Sistema,7714495294.9,2015-03-18
534,Sistema,7686010889.5,2015-03-19
535,Sistema,7675837027.6,2015-03-20
536,Sistema,7680656102.8,2015-03-21
537,Sistema,7678108501.4,2015-03-22
538,Sistema,7663344555.2,2015-03-23
539,Sistema,7594132643.7,2015-03-24
540,Sistema,7523762016.6,2015-03-25
541,Sistema,7457529546.1,2015-03-26
542,Sistema,7359913933.7,2015-03-27
543,Sistema,7293824563.6,2015-03-28
544,Sistema,7311939738.5,2015-03-29
545,Sistema,7276601588.5,2015-03-30
546,Sistema,7248264199.3,2015-03-31
547,Sistema,7208293808.8,2015-04-01
548,Sistema,7189259290.1,2015-04-02
549,Sistema,7269627716,2015-04-03
550,Sistema,7300779400.9,2015-04-04
551,Sistema,7308677236.4,2015-04-05
552,Sistema,7274016249.7,2015-04-06
553,Sistema,7252247842.8,2015-04-07
554,Sistema,7254877441.4,2015-04-08
555,Sistema,7219881345.7,2015-04-09
556,Sistema,7163806116.7,2015-04-10
557,Sistema,7193805554.1,2015-04-11
558,Sistema,7233078782.4,2015-04-12
559,Sistema,7224213965.9,2015-04-13
560,Sistema,7246799015.8,2015-04-14
561,Sistema,7275924583.7,2015-04-15
562,Sistema,7309703505.7,2015-04-16
563,Sistema,7349317976.3,2015-04-17
564,Sistema,7385990936.6,2015-04-18
565,Sistema,7474805665.5,2015-04-19
566,Sistema,7520695473.8,2015-04-20
567,Sistema,7541520810,2015-04-21
568,Sistema,7525360099.1,2015-04-22
569,Sistema,7484758893.5,2015-04-23
570,Sistema,7453223429.5,2015-04-24
571,Sistema,7458219391.4,2015-04-25
572,Sistema,7463168983.7,2015-04-26
573,Sistema,7435560870.1,2015-04-27
574,Sistema,7420934750.1,2015-04-28
575,Sistema,7361931043.3,2015-04-29
576,Sistema,7296635447.7,2015-04-30
577,Sistema,7274905168.4,2015-05-01
578,Sistema,7223068023.5,2015-05-02
579,Sistema,7182466384.8,2015-05-03
580,Sistema,7127164972,2015-05-04
581,Sistema,7043210518,2015-05-05
582,Sistema,6966978916.8,2015-05-06
583,Sistema,6915129018.4,2015-05-07
584,Sistema,6891289215.9,2015-05-08
585,Sistema,6834052104.6,2015-05-09
586,Sistema,6809026834.6,2015-05-10
587,Sistema,6734865381.1,2015-05-11
588,Sistema,6662766425.4,2015-05-12
589,Sistema,6593544142.8,2015-05-13
590,Sistema,6522145914.8,2015-05-14
591,Sistema,6509472873.1,2015-05-15
592,Sistema,6526440117.4,2015-05-16
593,Sistema,6586374736.3,2015-05-17
594,Sistema,6671722465.7,2015-05-18
595,Sistema,6688947464.9,2015-05-19
596,Sistema,6677540743.7,2015-05-20
597,Sistema,6791442665.4,2015-05-21
598,Sistema,6819733272.9,2015-05-22
599,Sistema,6833743505.3,2015-05-23
600,Sistema,6845120731,2015-05-24
601,Sistema,6910273674.7,2015-05-25
602,Sistema,6928295912.8,2015-05-26
603,Sistema,6938916605.3,2015-05-27
604,Sistema,6976560705.7,2015-05-28
605,Sistema,7125528244.7,2015-05-29
606,Sistema,7324920809.1,2015-05-30
607,Sistema,7431347565.3,2015-05-31
608,Sistema,7480217582.9,2015-06-01
609,Sistema,7485809046.5,2015-06-02
610,Sistema,7514671410.6,2015-06-03
611,Sistema,7560176042.2,2015-06-04
612,Sistema,7665016830.2,2015-06-05
613,Sistema,7723293306.9,2015-06-06
614,Sistema,7786026339.3,2015-06-07
615,Sistema,7854876959.8,2015-06-08
616,Sistema,7939183637.7,2015-06-09
617,Sistema,8004022592.4,2015-06-10
618,Sistema,8074139475.3,2015-06-11
619,Sistema,8093542798.9,2015-06-12
620,Sistema,8165427759.9,2015-06-13
621,Sistema,8222035517.1,2015-06-14
622,Sistema,8281957945.6,2015-06-15
623,Sistema,8309375346.9,2015-06-16
624,Sistema,8297842522.9,2015-06-17
625,Sistema,8337505576.2,2015-06-18
626,Sistema,8428026494.5,2015-06-19
627,Sistema,8492915733.3,2015-06-20
628,Sistema,8552813919.8,2015-06-21
629,Sistema,8751510751.6,2015-06-22
630,Sistema,8881084030.2,2015-06-23
631,Sistema,8964969528.7,2015-06-24
632,Sistema,9137205659,2015-06-25
633,Sistema,9337221209.9,2015-06-26
634,Sistema,9510629053.9,2015-06-27
635,Sistema,9647438144.4,2015-06-28
636,Sistema,9749950434.4,2015-06-29
637,Sistema,9788328306.8,2015-06-30
638,Sistema,9800212106.9,2015-07-01
639,Sistema,9790583603.3,2015-07-02
640,Sistema,9765253057.8,2015-07-03
641,Sistema,9762401608,2015-07-04
642,Sistema,9786607325.8,2015-07-05
643,Sistema,9786985803.5,2015-07-06
644,Sistema,9770284172.8,2015-07-07
645,Sistema,9778314152.4,2015-07-08
646,Sistema,9756864602.6,2015-07-09
647,Sistema,9782362033.5,2015-07-10
648,Sistema,9774910127.4,2015-07-11
649,Sistema,9781722691.1,2015-07-12
650,Sistema,9750279154.9,2015-07-13
651,Sistema,9699339607.3,2015-07-14
652,Sistema,9805560405.4,2015-07-15
653,Sistema,9927638302.8,2015-07-16
654,Sistema,9993902795.3,2015-07-17
655,Sistema,10098687755.5,2015-07-18
656,Sistema,10191334622.4,2015-07-19
657,Sistema,10317552701.4,2015-07-20
658,Sistema,10404824178.6,2015-07-21
659,Sistema,10568225262.8,2015-07-22
660,Sistema,10665010559.2,2015-07-23
661,Sistema,10699945655.7,2015-07-24
662,Sistema,10694465100.4,2015-07-25
663,Sistema,10687280958.2,2015-07-26
664,Sistema,10722569993.1,2015-07-27
665,Sistema,10749842828.5,2015-07-28
666,Sistema,10787501285.5,2015-07-29
667,Sistema,10878767856.4,2015-07-30
668,Sistema,10890497294.7,2015-07-31
669,Sistema,10937976263.4,2015-08-01
670,Sistema,10952997631.7,2015-08-02
671,Sistema,10933794498.6,2015-08-03
672,Sistema,10915099723.7,2015-08-04
673,Sistema,10875577851.6,2015-08-05
674,Sistema,10829130610.1,2015-08-06
675,Sistema,10807530077.5,2015-08-07
676,Sistema,10818961584.8,2015-08-08
677,Sistema,10896144391.7,2015-08-09
678,Sistema,10910260332,2015-08-10
679,Sistema,10920471925.9,2015-08-11
680,Sistema,10880578367.4,2015-08-12
681,Sistema,10875030624.9,2015-08-13
682,Sistema,10914610366.7,2015-08-14
683,Sistema,10933831369.6,2015-08-15
684,Sistema,11019218601.9,2015-08-16
685,Sistema,11035931839.1,2015-08-17
686,Sistema,11120156403.3,2015-08-18
687,Sistema,11132887725.4,2015-08-19
688,Sistema,11159595903.8,2015-08-20
689,Sistema,11183536079.6,2015-08-21
690,Sistema,11178205745.1,2015-08-22
691,Sistema,11184832673.3,2015-08-23
692,Sistema,11186511595,2015-08-24
693,Sistema,11210742771.2,2015-08-25
694,Sistema,11263380760.3,2015-08-26
695,Sistema,11272482013.8,2015-08-27
696,Sistema,11286629160.4,2015-08-28
697,Sistema,11255527312.9,2015-08-29
698,Sistema,11236366787.8,2015-08-30
699,Sistema,11216451895.9,2015-08-31
700,Sistema,11182144928.8,2015-09-01
701,Sistema,11186252277.4,2015-09-02
702,Sistema,11149099893.1,2015-09-03
703,Sistema,11083557050.1,2015-09-04
704,Sistema,11045317076.4,2015-09-05
705,Sistema,11133951154.3,2015-09-06
706,Sistema,11144151958.4,2015-09-07
707,Sistema,11140196692.4,2015-09-08
708,Sistema,11111977633.8,2015-09-09
709,Sistema,11130370992.5,2015-09-10
710,Sistema,11170608514.5,2015-09-11
711,Sistema,11145749403.3,2015-09-12
712,Sistema,11120009165.3,2015-09-13
713,Sistema,11063085568.2,2015-09-14
714,Sistema,11003554777.4,2015-09-15
715,Sistema,10936553371.4,2015-09-16
716,Sistema,10885560710.3,2015-09-17
717,Sistema,10838199583.8,2015-09-18
718,Sistema,10817654605.6,2015-09-19
719,Sistema,10879983537.8,2015-09-20
720,Sistema,10841951735.2,2015-09-21
721,Sistema,10787922108.1,2015-09-22
722,Sistema,10750691821.7,2015-09-23
723,Sistema,10712127761.9,2015-09-24
724,Sistema,10661157616.9,2015-09-25
725,Sistema,10618212015.8,2015-09-26
726,Sistema,10578813440.9,2015-09-27
727,Sistema,10518172623,2015-09-28
728,Sistema,10467700427.7,2015-09-29
729,Sistema,10432955112.1,2015-09-30
730,Sistema,10379465000,2015-10-01
731,Sistema,10338833000,2015-10-02
732,Sistema,10339262700,2015-10-03
733,Sistema,10327958200,2015-10-04
734,Sistema,10291564300,2015-10-05
735,Sistema,10287957200,2015-10-06
736,Sistema,10243668500,2015-10-07
737,Sistema,10211563100,2015-10-08
738,Sistema,10185045700,2015-10-09
739,Sistema,10147050000,2015-10-10
740,Sistema,10204471000,2015-10-11
741,Sistema,10216594200,2015-10-12
742,Sistema,10238607600,2015-10-13
743,Sistema,10269118900,2015-10-14
744,Sistema,10327581300,2015-10-15
745,Sistema,10378898200,2015-10-16
746,Sistema,10381458800,2015-10-17
747,Sistema,10390420400,2015-10-18
748,Sistema,10354404600,2015-10-19
749,Sistema,10311912300,2015-10-20
750,Sistema,10274021600,2015-10-21
751,Sistema,10233183400,2015-10-22
752,Sistema,10177740500,2015-10-23
753,Sistema,10175389900,2015-10-24
754,Sistema,10209356300,2015-10-25
755,Sistema,10210500400,2015-10-26
756,Sistema,10189721400,2015-10-27
757,Sistema,10165665500,2015-10-28
758,Sistema,10145728900,2015-10-29
759,Sistema,10128075700,2015-10-30
760,Sistema,10101280900,2015-10-31
761,Sistema,10737197000,2015-11-01
762,Sistema,10793750300,2015-11-02
763,Sistema,10783681500,2015-11-03
764,Sistema,10793077700,2015-11-04
765,Sistema,10849159700,2015-11-05
766,Sistema,10918603500,2015-11-06
767,Sistema,11035564000,2015-11-07
768,Sistema,11139436600,2015-11-08
769,Sistema,11179997700,2015-11-09
770,Sistema,11265043400,2015-11-10
771,Sistema,11282634700,2015-11-11
772,Sistema,11273478200,2015-11-12
773,Sistema,11259280500,2015-11-13
774,Sistema,11251973700,2015-11-14
775,Sistema,11287505600,2015-11-15
776,Sistema,11298841200,2015-11-16
777,Sistema,11331858100,2015-11-17
778,Sistema,11353644500,2015-11-18
779,Sistema,11363227300,2015-11-19
780,Sistema,11388309100,2015-11-20
781,Sistema,11421559600,2015-11-21
782,Sistema,11459131800,2015-11-22
783,Sistema,11487971400,2015-11-23
784,Sistema,11500222700,2015-11-24
785,Sistema,11520637600,2015-11-25
786,Sistema,11511436200,2015-11-26
787,Sistema,11516310300,2015-11-27
788,Sistema,11520031200,2015-11-28
789,Sistema,11529405200,2015-11-29
790,Sistema,11516892300,2015-11-30
791,Sistema,11502479500,2015-12-01
792,Sistema,11466292100,2015-12-02
793,Sistema,11459629900,2015-12-03
794,Sistema,11515474800,2015-12-04
795,Sistema,11524134600,2015-12-05
796,Sistema,11553511700,2015-12-06
797,Sistema,11536165000,2015-12-07
798,Sistema,11523014300,2015-12-08
799,Sistema,11491988300,2015-12-09
800,Sistema,11466821700,2015-12-10
801,Sistema,11415597200,2015-12-11
802,Sistema,11372745600,2015-12-12
803,Sistema,11338922200,2015-12-13
804,Sistema,11296366400,2015-12-14
805,Sistema,11258285000,2015-12-15
806,Sistema,11210680400,2015-12-16
807,Sistema,11185522200,2015-12-17
808,Sistema,11137240500,2015-12-18
809,Sistema,11100429900,2015-12-19
810,Sistema,11072488000,2015-12-20
811,Sistema,11008600300,2015-12-21
812,Sistema,10944803100,2015-12-22
813,Sistema,10874359500,2015-12-23
814,Sistema,10839210000,2015-12-24
815,Sistema,10832462700,2015-12-25
816,Sistema,10804352400,2015-12-26
817,Sistema,10770513800,2015-12-27
818,Sistema,10703879700,2015-12-28
819,Sistema,10646314500,2015-12-29
820,Sistema,10590745200,2015-12-30
821,Sistema,10562991600,2015-12-31
822,Sistema,10555406800,2016-01-01
823,Sistema,10537372200,2016-01-02
824,Sistema,10528411200,2016-01-03
825,Sistema,10507658800,2016-01-04
826,Sistema,10474679600,2016-01-05
827,Sistema,10443025100,2016-01-06
828,Sistema,10412608200,2016-01-07
829,Sistema,10358767300,2016-01-08
830,Sistema,10315238900,2016-01-09
831,Sistema,10281739500,2016-01-10
832,Sistema,10246219600,2016-01-11
833,Sistema,10189833700,2016-01-12
834,Sistema,10131110900,2016-01-13
835,Sistema,10072280800,2016-01-14
836,Sistema,10011850300,2016-01-15
837,Sistema,9961400200,2016-01-16
838,Sistema,9928000200,2016-01-17
839,Sistema,9868828700,2016-01-18
840,Sistema,9805565300,2016-01-19
841,Sistema,9740519600,2016-01-20
842,Sistema,9666273700,2016-01-21
843,Sistema,9601235200,2016-01-22
844,Sistema,9540321300,2016-01-23
845,Sistema,9501568000,2016-01-24
846,Sistema,9437058100,2016-01-25
847,Sistema,9372846600,2016-01-26
848,Sistema,9299130800,2016-01-27
849,Sistema,9217707900,2016-01-28
850,Sistema,9151407400,2016-01-29
851,Sistema,9087588800,2016-01-30
852,Sistema,9037319400,2016-01-31
853,Sistema,8965653400,2016-02-01
854,Sistema,8890279800,2016-02-02
855,Sistema,8807582700,2016-02-03
856,Sistema,8720948700,2016-02-04
857,Sistema,8650630600,2016-02-05
858,Sistema,8594004100,2016-02-06
859,Sistema,8552558800,2016-02-07
860,Sistema,8501037000,2016-02-08
861,Sistema,8449276100,2016-02-09
862,Sistema,8381432000,2016-02-10
863,Sistema,8325757200,2016-02-11
864,Sistema,8272141100,2016-02-12
865,Sistema,8214967200,2016-02-13
866,Sistema,8181865900,2016-02-14
867,Sistema,8116438000,2016-02-15
868,Sistema,8044894100,2016-02-16
869,Sistema,8019541100,2016-02-17
870,Sistema,7967791700,2016-02-18
871,Sistema,7905144500,2016-02-19
872,Sistema,7858537700,2016-02-20
873,Sistema,7889045800,2016-02-21
874,Sistema,7843090300,2016-02-22
875,Sistema,7796580100,2016-02-23
876,Sistema,7741071500,2016-02-24
877,Sistema,7699703800,2016-02-25
878,Sistema,7654177300,2016-02-26
879,Sistema,7621992200,2016-02-27
880,Sistema,7587398100,2016-02-28
881,Sistema,7522569400,2016-02-29
882,Sistema,7456206800,2016-03-01
883,Sistema,7394639500,2016-03-02
884,Sistema,7337011000,2016-03-03
885,Sistema,7286691900,2016-03-04
886,Sistema,7238830300,2016-03-05
887,Sistema,7234727100,2016-03-06
888,Sistema,7194875600,2016-03-07
889,Sistema,7161121800,2016-03-08
890,Sistema,7127717100,2016-03-09
891,Sistema,7090203400,2016-03-10
892,Sistema,7059141400,2016-03-11
893,Sistema,7052106900,2016-03-12
894,Sistema,7050430100,2016-03-13
895,Sistema,7020827000,2016-03-14
896,Sistema,6988404200,2016-03-15
897,Sistema,6950762200,2016-03-16
898,Sistema,6961478700,2016-03-17
899,Sistema,6955972700,2016-03-18
900,Sistema,6948130400,2016-03-19
901,Sistema,6980415000,2016-03-20
902,Sistema,6986135100,2016-03-21
903,Sistema,6965183000,2016-03-22
904,Sistema,6941855900,2016-03-23
905,Sistema,6920571100,2016-03-24
906,Sistema,6894878800,2016-03-25
907,Sistema,6859521100,2016-03-26
908,Sistema,6846466200,2016-03-27
909,Sistema,6803200800,2016-03-28
910,Sistema,6765337100,2016-03-29
911,Sistema,6742607800,2016-03-30
912,Sistema,6732808900,2016-03-31
913,Sistema,6715669400,2016-04-01
914,Sistema,6760959700,2016-04-02
915,Sistema,6837784600,2016-04-03
916,Sistema,6898597600,2016-04-04
917,Sistema,6937589100,2016-04-05
918,Sistema,6933379700,2016-04-06
919,Sistema,6915129200,2016-04-07
920,Sistema,6910434300,2016-04-08
921,Sistema,6981750400,2016-04-09
922,Sistema,7038413100,2016-04-10
923,Sistema,7047944800,2016-04-11
924,Sistema,7120655700,2016-04-12
925,Sistema,7152054200,2016-04-13
926,Sistema,7130643900,2016-04-14
927,Sistema,7076125800,2016-04-15
928,Sistema,7039279700,2016-04-16
929,Sistema,7048685000,2016-04-17
930,Sistema,7018160900,2016-04-18
931,Sistema,6948399200,2016-04-19
932,Sistema,6888205600,2016-04-20
933,Sistema,6835138700,2016-04-21
934,Sistema,6817107000,2016-04-22
935,Sistema,6789503500,2016-04-23
936,Sistema,6810881700,2016-04-24
937,Sistema,6810971700,2016-04-25
938,Sistema,6799042500,2016-04-26
939,Sistema,6825512300,2016-04-27
940,Sistema,6876219200,2016-04-28
941,Sistema,6966040000,2016-04-29
942,Sistema,7006428300,2016-04-30
943,Sistema,7075425800,2016-05-01
944,Sistema,7096134400,2016-05-02
945,Sistema,7087221800,2016-05-03
946,Sistema,7103946400,2016-05-04
947,Sistema,7070052000,2016-05-05
948,Sistema,7080725400,2016-05-06
949,Sistema,7102596000,2016-05-07
950,Sistema,7134882300,2016-05-08
951,Sistema,7206710500,2016-05-09
952,Sistema,7268159500,2016-05-10
953,Sistema,7291297600,2016-05-11
954,Sistema,7271034600,2016-05-12
955,Sistema,7267477000,2016-05-13
956,Sistema,7244686300,2016-05-14
957,Sistema,7247293500,2016-05-15
958,Sistema,7215475800,2016-05-16
959,Sistema,7245881200,2016-05-17
960,Sistema,7250803000,2016-05-18
961,Sistema,7266462800,2016-05-19
962,Sistema,7235180700,2016-05-20
963,Sistema,7214598400,2016-05-21
964,Sistema,7195462300,2016-05-22
965,Sistema,7169610900,2016-05-23
966,Sistema,7248564800,2016-05-24
967,Sistema,7273180900,2016-05-25
968,Sistema,7332758500,2016-05-26
969,Sistema,7353868900,2016-05-27
970,Sistema,7422238300,2016-05-28
971,Sistema,7545569700,2016-05-29
972,Sistema,7595347300,2016-05-30
973,Sistema,7684791800,2016-05-31
974,Sistema,7713790200,2016-06-01
975,Sistema,7732443700,2016-06-02
976,Sistema,7757433900,2016-06-03
977,Sistema,7777695800,2016-06-04
978,Sistema,7775896000,2016-06-05
979,Sistema,7755324100,2016-06-06
980,Sistema,7741257400,2016-06-07
981,Sistema,7720539000,2016-06-08
982,Sistema,7681043300,2016-06-09
983,Sistema,7758115600,2016-06-10
984,Sistema,7757306300,2016-06-11
985,Sistema,7694255400,2016-06-12
986,Sistema,7677445600,2016-06-13
987,Sistema,7671737800,2016-06-14
988,Sistema,7674972500,2016-06-15
989,Sistema,7672266700,2016-06-16
990,Sistema,7664252500,2016-06-17
991,Sistema,7640962100,2016-06-18
992,Sistema,7705068400,2016-06-19
993,Sistema,7777572800,2016-06-20
994,Sistema,7852868000,2016-06-21
995,Sistema,7872354900,2016-06-22
996,Sistema,7881202200,2016-06-23
997,Sistema,7955767500,2016-06-24
998,Sistema,8022493400,2016-06-25
999,Sistema,8146915700,2016-06-26
1000,Sistema,8163392700,2016-06-27
1001,Sistema,8152191000,2016-06-28
1002,Sistema,8151017700,2016-06-29
1003,Sistema,8185401900,2016-06-30
1004,Sistema,8283142900,2016-07-01
1005,Sistema,8374138800,2016-07-02
1006,Sistema,8537316200,2016-07-03
1007,Sistema,8628124200,2016-07-04
1008,Sistema,8710404600,2016-07-05
1009,Sistema,8962960100,2016-07-06
1010,Sistema,9065186700,2016-07-07
1011,Sistema,9093588500,2016-07-08
1012,Sistema,9090712400,2016-07-09
1013,Sistema,9087535800,2016-07-10
1014,Sistema,9124741500,2016-07-11
1015,Sistema,9157528900,2016-07-12
1016,Sistema,9162129900,2016-07-13
1017,Sistema,9152092900,2016-07-14
1018,Sistema,9226957600,2016-07-15
1019,Sistema,9268342300,2016-07-16
1020,Sistema,9280892900,2016-07-17
1021,Sistema,9349226800,2016-07-18
1022,Sistema,9350040500,2016-07-19
1023,Sistema,9421176000,2016-07-20
1024,Sistema,9453765200,2016-07-21
1025,Sistema,9490935000,2016-07-22
1026,Sistema,9550099500,2016-07-23
1027,Sistema,9593094400,2016-07-24
1028,Sistema,9622001000,2016-07-25
1029,Sistema,9597384300,2016-07-26
1030,Sistema,9672638700,2016-07-27
1031,Sistema,9703601100,2016-07-28
1032,Sistema,9697618500,2016-07-29
1033,Sistema,9683223700,2016-07-30
1034,Sistema,9705207500,2016-07-31
1035,Sistema,9714714100,2016-08-01
1036,Sistema,9711521200,2016-08-02
1037,Sistema,9713255600,2016-08-03
1038,Sistema,9712762900,2016-08-04
1039,Sistema,9698484800,2016-08-05
1040,Sistema,9644182700,2016-08-06
1041,Sistema,9628364500,2016-08-07
1042,Sistema,9595786600,2016-08-08
1043,Sistema,9579649800,2016-08-09
1044,Sistema,9561825300,2016-08-10
1045,Sistema,9541050700,2016-08-11
1046,Sistema,9512458100,2016-08-12
1047,Sistema,9515019400,2016-08-13
1048,Sistema,9502938400,2016-08-14
1049,Sistema,9532234100,2016-08-15
1050,Sistema,9516907500,2016-08-16
1051,Sistema,9551854200,2016-08-17
1052,Sistema,9747593700,2016-08-18
1053,Sistema,9788476800,2016-08-19
1054,Sistema,9772615300,2016-08-20
1055,Sistema,9759136200,2016-08-21
1056,Sistema,9738622400,2016-08-22
1057,Sistema,9710078100,2016-08-23
1058,Sistema,9700031100,2016-08-24
1059,Sistema,9669706500,2016-08-25
1060,Sistema,9674270400,2016-08-26
1061,Sistema,9729730800,2016-08-27
1062,Sistema,9786008700,2016-08-28
1063,Sistema,9748662700,2016-08-29
1064,Sistema,9763371300,2016-08-30
1065,Sistema,9733165600,2016-08-31
1066,Sistema,9850762200,2016-09-01
1067,Sistema,9870546000,2016-09-02
1068,Sistema,9856503900,2016-09-03
1069,Sistema,9869972800,2016-09-04
1070,Sistema,9877672100,2016-09-05
1071,Sistema,9915808000,2016-09-06
1072,Sistema,9998631800,2016-09-07
1073,Sistema,10011854700,2016-09-08
1074,Sistema,10009913000,2016-09-09
1075,Sistema,10058219700,2016-09-10
1076,Sistema,10223017000,2016-09-11
1077,Sistema,10325443500,2016-09-12
1078,Sistema,10322091200,2016-09-13
1079,Sistema,10396570700,2016-09-14
1080,Sistema,10522853600,2016-09-15
1081,Sistema,10518471800,2016-09-16
1082,Sistema,10489301100,2016-09-17
1083,Sistema,10482514900,2016-09-18
1084,Sistema,10493005700,2016-09-19
1085,Sistema,10459381500,2016-09-20
1086,Sistema,10502047900,2016-09-21
1087,Sistema,10480466400,2016-09-22
1088,Sistema,10467711600,2016-09-23
1089,Sistema,10521741000,2016-09-24
1090,Sistema,10626207600,2016-09-25
1091,Sistema,10648792200,2016-09-26
1092,Sistema,10692500600,2016-09-27
1093,Sistema,10681863400,2016-09-28
1094,Sistema,10645794600,2016-09-29
1095,Sistema,10619579900,2016-09-30
1096,Sistema,10636003000,2016-10-01
1097,Sistema,10671881500,2016-10-02
1098,Sistema,10654250600,2016-10-03
1099,Sistema,10625250000,2016-10-04
1100,Sistema,10600437600,2016-10-05
1101,Sistema,10570119000,2016-10-06
1102,Sistema,10555762100,2016-10-07
1103,Sistema,10566198600,2016-10-08
1104,Sistema,10586979000,2016-10-09
1105,Sistema,10649458300,2016-10-10
1106,Sistema,10674607900,2016-10-11
1107,Sistema,10771654400,2016-10-12
1108,Sistema,10785686200,2016-10-13
1109,Sistema,10850863100,2016-10-14
1110,Sistema,10870925800,2016-10-15
1111,Sistema,10923114800,2016-10-16
1112,Sistema,10971041300,2016-10-17
1113,Sistema,11013918600,2016-10-18
1114,Sistema,10992965100,2016-10-19
1115,Sistema,10994077200,2016-10-20
1116,Sistema,10980043200,2016-10-21
1117,Sistema,10989307700,2016-10-22
1118,Sistema,10997033000,2016-10-23
1119,Sistema,10975677300,2016-10-24
1120,Sistema,11007653100,2016-10-25
1121,Sistema,11049252500,2016-10-26
1122,Sistema,11119300000,2016-10-27
1123,Sistema,11178558600,2016-10-28
1124,Sistema,11287055900,2016-10-29
1125,Sistema,11319990900,2016-10-30
1126,Sistema,11326475100,2016-10-31
1127,Sistema,11353131800,2016-11-01
1128,Sistema,11372326700,2016-11-02
1129,Sistema,11359651500,2016-11-03
1130,Sistema,11349640200,2016-11-04
1131,Sistema,11361932300,2016-11-05
1132,Sistema,11388592100,2016-11-06
1133,Sistema,11434097000,2016-11-07
1134,Sistema,11440798100,2016-11-08
1135,Sistema,11447789700,2016-11-09
1136,Sistema,11465940000,2016-11-10
1137,Sistema,11651569000,2016-11-11
1138,Sistema,11702009400,2016-11-12
1139,Sistema,11747844800,2016-11-13
1140,Sistema,11831923100,2016-11-14
1141,Sistema,11899517500,2016-11-15
1142,Sistema,11960897100,2016-11-16
1143,Sistema,12008591400,2016-11-17
1144,Sistema,12047063200,2016-11-18
1145,Sistema,12148771600,2016-11-19
1146,Sistema,12247725000,2016-11-20
1147,Sistema,12254760300,2016-11-21
1148,Sistema,12234817100,2016-11-22
1149,Sistema,12195969300,2016-11-23
1150,Sistema,12184255100,2016-11-24
1151,Sistema,12228685700,2016-11-25
1152,Sistema,12266859000,2016-11-26
1153,Sistema,12337147600,2016-11-27
1154,Sistema,12390165500,2016-11-28
1155,Sistema,12508118100,2016-11-29
1156,Sistema,12529356500,2016-11-30
1157,Sistema,12596021200,2016-12-01
1158,Sistema,12706368700,2016-12-02
1159,Sistema,12825106300,2016-12-03
1160,Sistema,12906999000,2016-12-04
1161,Sistema,12946855700,2016-12-05
1162,Sistema,12948303400,2016-12-06
1163,Sistema,12896086600,2016-12-07
1164,Sistema,12922386800,2016-12-08
1165,Sistema,12988304100,2016-12-09
1166,Sistema,12939286300,2016-12-10
1167,Sistema,12976335700,2016-12-11
1168,Sistema,12949654300,2016-12-12
1169,Sistema,12913574500,2016-12-13
1170,Sistema,12898031200,2016-12-14
1171,Sistema,12855161200,2016-12-15
1172,Sistema,12807152800,2016-12-16
1173,Sistema,12775695900,2016-12-17
1174,Sistema,12761534100,2016-12-18
1175,Sistema,12707089600,2016-12-19
1176,Sistema,12666099600,2016-12-20
1177,Sistema,12696239900,2016-12-21
1178,Sistema,12701566400,2016-12-22
1179,Sistema,12698215800,2016-12-23
1180,Sistema,12720356200,2016-12-24
1181,Sistema,12723996700,2016-12-25
1182,Sistema,12690110300,2016-12-26
1183,Sistema,12670849700,2016-12-27
1184,Sistema,12646622600,2016-12-28
1185,Sistema,12592629800,2016-12-29
1186,Sistema,12571476700,2016-12-30
1187,Sistema,12585514200,2016-12-31
1188,Sistema,12592867900,2017-01-01
1189,Sistema,12563829000,2017-01-02
1190,Sistema,12443763000,2017-01-03
1191,Sistema,12435892400,2017-01-04
1192,Sistema,12395946100,2017-01-05
1193,Sistema,12340973200,2017-01-06
1194,Sistema,12299540800,2017-01-07
1195,Sistema,12328582400,2017-01-08
1196,Sistema,12344079600,2017-01-09
1197,Sistema,12329099200,2017-01-10
1198,Sistema,12317741900,2017-01-11
1199,Sistema,12294819400,2017-01-12
1200,Sistema,12270612200,2017-01-13
1201,Sistema,12244126300,2017-01-14
1202,Sistema,12220175100,2017-01-15
1203,Sistema,12173251600,2017-01-16
1204,Sistema,12125235700,2017-01-17
1205,Sistema,12112413200,2017-01-18
1206,Sistema,12095171900,2017-01-19
1207,Sistema,12064563000,2017-01-20
1208,Sistema,12062083400,2017-01-21
1209,Sistema,12040312700,2017-01-22
1210,Sistema,11981023100,2017-01-23
1211,Sistema,11906938800,2017-01-24
1212,Sistema,11826653400,2017-01-25
1213,Sistema,11771871600,2017-01-26
1214,Sistema,11730720300,2017-01-27
1215,Sistema,11688591300,2017-01-28
1216,Sistema,11651162700,2017-01-29
1217,Sistema,11619974300,2017-01-30
1218,Sistema,11559514700,2017-01-31
1219,Sistema,11509462000,2017-02-01
1220,Sistema,11410773800,2017-02-02
1221,Sistema,11357580200,2017-02-03
1222,Sistema,11274182300,2017-02-04
1223,Sistema,11207577900,2017-02-05
1224,Sistema,11322974000,2017-02-06
1225,Sistema,11213659000,2017-02-07
1226,Sistema,11094662400,2017-02-08
1227,Sistema,10989271400,2017-02-09
1228,Sistema,10892163700,2017-02-10
1229,Sistema,10806000600,2017-02-11
1230,Sistema,10759303000,2017-02-12
1231,Sistema,10688151900,2017-02-13
1232,Sistema,10603287200,2017-02-14
1233,Sistema,10510998800,2017-02-15
1234,Sistema,10413615500,2017-02-16
1235,Sistema,10338167000,2017-02-17
1236,Sistema,10246325600,2017-02-18
1237,Sistema,10164832000,2017-02-19
1238,Sistema,10066946500,2017-02-20
1239,Sistema,9975352300,2017-02-21
1240,Sistema,9888841600,2017-02-22
1241,Sistema,9801050100,2017-02-23
1242,Sistema,9743105400,2017-02-24
1243,Sistema,9682214600,2017-02-25
1244,Sistema,9653088400,2017-02-26
1245,Sistema,9602124100,2017-02-27
1246,Sistema,9535726100,2017-02-28
1247,Sistema,9478894500,2017-03-01
1248,Sistema,9437415500,2017-03-02
1249,Sistema,9395806700,2017-03-03
1250,Sistema,9350504100,2017-03-04
1251,Sistema,9322866500,2017-03-05
1252,Sistema,9274642200,2017-03-06
1253,Sistema,9250936400,2017-03-07
1254,Sistema,9256002200,2017-03-08
1255,Sistema,9258821200,2017-03-09
1256,Sistema,9243319300,2017-03-10
1257,Sistema,9226507100,2017-03-11
1258,Sistema,9303471100,2017-03-12
1259,Sistema,9328854800,2017-03-13
1260,Sistema,9354530300,2017-03-14
1261,Sistema,9399547700,2017-03-15
1262,Sistema,9386742700,2017-03-16
1263,Sistema,9339837500,2017-03-17
1264,Sistema,9306735800,2017-03-18
1265,Sistema,9295324600,2017-03-19
1266,Sistema,9270514300,2017-03-20
1267,Sistema,9237036200,2017-03-21
1268,Sistema,9240934500,2017-03-22
1269,Sistema,9345980300,2017-03-23
1270,Sistema,9409693100,2017-03-24
1271,Sistema,9436296000,2017-03-25
1272,Sistema,9639583400,2017-03-26
1273,Sistema,9745358500,2017-03-27
1274,Sistema,9816571800,2017-03-28
1275,Sistema,9884646700,2017-03-29
1276,Sistema,9962072300,2017-03-30
1277,Sistema,10113627600,2017-03-31
1278,Sistema,10241472700,2017-04-01
1279,Sistema,10349307600,2017-04-02
1280,Sistema,10278782200,2017-04-03
1281,Sistema,10237829600,2017-04-04
1282,Sistema,10180388000,2017-04-05
1283,Sistema,10113340100,2017-04-06
1284,Sistema,10064808700,2017-04-07
1285,Sistema,10016712900,2017-04-08
1286,Sistema,10050182800,2017-04-09
1287,Sistema,10040558800,2017-04-10
1288,Sistema,10030525200,2017-04-11
1289,Sistema,10054724800,2017-04-12
1290,Sistema,10076695700,2017-04-13
1291,Sistema,10132385800,2017-04-14
1292,Sistema,10124081200,2017-04-15
1293,Sistema,10118856100,2017-04-16
1294,Sistema,10121738200,2017-04-17
1295,Sistema,10098253500,2017-04-18
1296,Sistema,10142114700,2017-04-19
1297,Sistema,10155909700,2017-04-20
1298,Sistema,10219360600,2017-04-21
1299,Sistema,10212005200,2017-04-22
1300,Sistema,10189990400,2017-04-23
1301,Sistema,10153105900,2017-04-24
1302,Sistema,10119551100,2017-04-25
1303,Sistema,10166768800,2017-04-26
1304,Sistema,10123534700,2017-04-27
1305,Sistema,10064492800,2017-04-28
1306,Sistema,10012769300,2017-04-29
1307,Sistema,10058287500,2017-04-30
1308,Sistema,10103566100,2017-05-01
1309,Sistema,10176181900,2017-05-02
1310,Sistema,10180930600,2017-05-03
1311,Sistema,10220532000,2017-05-04
1312,Sistema,10271742300,2017-05-05
1313,Sistema,10482883700,2017-05-06
1314,Sistema,10591936500,2017-05-07
1315,Sistema,10756067500,2017-05-08
1316,Sistema,10813048300,2017-05-09
1317,Sistema,10966802500,2017-05-10
1318,Sistema,11087567600,2017-05-11
1319,Sistema,11197365300,2017-05-12
1320,Sistema,11325304900,2017-05-13
1321,Sistema,11495102200,2017-05-14
1322,Sistema,11664301600,2017-05-15
1323,Sistema,11805775200,2017-05-16
1324,Sistema,11868909800,2017-05-17
1325,Sistema,11959348900,2017-05-18
1326,Sistema,11993093400,2017-05-19
1327,Sistema,12049894700,2017-05-20
1328,Sistema,12135866900,2017-05-21
1329,Sistema,12244969600,2017-05-22
1330,Sistema,12259049900,2017-05-23
1331,Sistema,12265146800,2017-05-24
1332,Sistema,12260547400,2017-05-25
1333,Sistema,12237939600,2017-05-26
1334,Sistema,12242154300,2017-05-27
1335,Sistema,12251241900,2017-05-28
1336,Sistema,12266679100,2017-05-29
1337,Sistema,12291193600,2017-05-30
1338,Sistema,12304581900,2017-05-31
1339,Sistema,12314204600,2017-06-01
1340,Sistema,12341783100,2017-06-02
1341,Sistema,12304588300,2017-06-03
1342,Sistema,12323890000,2017-06-04
1343,Sistema,12364183300,2017-06-05
1344,Sistema,12331778800,2017-06-06
1345,Sistema,12476514900,2017-06-07
1346,Sistema,12543182100,2017-06-08
1347,Sistema,12576119900,2017-06-09
1348,Sistema,12573249000,2017-06-10
1349,Sistema,12620812700,2017-06-11
1350,Sistema,12699131800,2017-06-12
1351,Sistema,12844274800,2017-06-13
1352,Sistema,12882884500,2017-06-14
1353,Sistema,13040643100,2017-06-15
1354,Sistema,13067597400,2017-06-16
1355,Sistema,13108514200,2017-06-17
1356,Sistema,13151304200,2017-06-18
1357,Sistema,13199369300,2017-06-19
1358,Sistema,13237574800,2017-06-20
1359,Sistema,13314828200,2017-06-21
1360,Sistema,13337111400,2017-06-22
1361,Sistema,13366670800,2017-06-23
1362,Sistema,13361239100,2017-06-24
1363,Sistema,13372228300,2017-06-25
1364,Sistema,13424947400,2017-06-26
1365,Sistema,13460908400,2017-06-27
1366,Sistema,13463660300,2017-06-28
1367,Sistema,13434043200,2017-06-29
1368,Sistema,13478367900,2017-06-30
1369,Sistema,13492411200,2017-07-01
1370,Sistema,13504131400,2017-07-02
1371,Sistema,13516162200,2017-07-03
1372,Sistema,13511714700,2017-07-04
1373,Sistema,13490276500,2017-07-05
1374,Sistema,13500274900,2017-07-06
1375,Sistema,13478086900,2017-07-07
1376,Sistema,13466263100,2017-07-08
1377,Sistema,13501162000,2017-07-09
1378,Sistema,13523374800,2017-07-10
1379,Sistema,13559541900,2017-07-11
1380,Sistema,13595359900,2017-07-12
1381,Sistema,13589130400,2017-07-13
1382,Sistema,13577435300,2017-07-14
1383,Sistema,13574353200,2017-07-15
1384,Sistema,13574007400,2017-07-16
1385,Sistema,13551240300,2017-07-17
1386,Sistema,13588447300,2017-07-18
1387,Sistema,13635391300,2017-07-19
1388,Sistema,13700170700,2017-07-20
1389,Sistema,13678625100,2017-07-21
1390,Sistema,13642922600,2017-07-22
1391,Sistema,13646132200,2017-07-23
1392,Sistema,13597046400,2017-07-24
1393,Sistema,13643015300,2017-07-25
1394,Sistema,13661228200,2017-07-26
1395,Sistema,13654358000,2017-07-27
1396,Sistema,13696966500,2017-07-28
1397,Sistema,13712573800,2017-07-29
1398,Sistema,13775996300,2017-07-30
1399,Sistema,13789868900,2017-07-31
1400,Sistema,13768021600,2017-08-01
1401,Sistema,13725580900,2017-08-02
1402,Sistema,13664063800,2017-08-03
1403,Sistema,13677371300,2017-08-04
1404,Sistema,13639372000,2017-08-05
1405,Sistema,13607760800,2017-08-06
1406,Sistema,13588849400,2017-08-07
1407,Sistema,13558404500,2017-08-08
1408,Sistema,13596951300,2017-08-09
1409,Sistema,13548654900,2017-08-10
1410,Sistema,13526135400,2017-08-11
1411,Sistema,13536085500,2017-08-12
1412,Sistema,13490647900,2017-08-13
1413,Sistema,13413790900,2017-08-14
1414,Sistema,13346470000,2017-08-15
1415,Sistema,13319551600,2017-08-16
1416,Sistema,13259171400,2017-08-17
1417,Sistema,13190827700,2017-08-18
1418,Sistema,13188031400,2017-08-19
1419,Sistema,13180144200,2017-08-20
1420,Sistema,13145895400,2017-08-21
1421,Sistema,13098481100,2017-08-22
1422,Sistema,13045528100,2017-08-23
1423,Sistema,13037066400,2017-08-24
1424,Sistema,12990203500,2017-08-25
1425,Sistema,12964395300,2017-08-26
1426,Sistema,12965336200,2017-08-27
1427,Sistema,12918314300,2017-08-28
1428,Sistema,12923407000,2017-08-29
1429,Sistema,12971250600,2017-08-30
1430,Sistema,12984738600,2017-08-31
1431,Sistema,12947762900,2017-09-01
1432,Sistema,12950291200,2017-09-02
1433,Sistema,12941797000,2017-09-03
1434,Sistema,12883254800,2017-09-04
1435,Sistema,12846018700,2017-09-05
1436,Sistema,12808100700,2017-09-06
1437,Sistema,12785908800,2017-09-07
1438,Sistema,12776346900,2017-09-08
1439,Sistema,12788090800,2017-09-09
1440,Sistema,12872820500,2017-09-10
1441,Sistema,12849949100,2017-09-11
1442,Sistema,12841552500,2017-09-12
1443,Sistema,12835440100,2017-09-13
1444,Sistema,12823462400,2017-09-14
1445,Sistema,12855064500,2017-09-15
1446,Sistema,12915062100,2017-09-16
1447,Sistema,12979970400,2017-09-17
1448,Sistema,12971775700,2017-09-18
1449,Sistema,12951132300,2017-09-19
1450,Sistema,12939798700,2017-09-20
1451,Sistema,12879695700,2017-09-21
1452,Sistema,12845167000,2017-09-22
1453,Sistema,12891454000,2017-09-23
1454,Sistema,12900897400,2017-09-24
1455,Sistema,12855416400,2017-09-25
1456,Sistema,12833962200,2017-09-26
1457,Sistema,12765273700,2017-09-27
1458,Sistema,12731210400,2017-09-28
1459,Sistema,12717653400,2017-09-29
1460,Sistema,12743729900,2017-09-30
1461,Sistema,12746963300,2017-10-01
1462,Sistema,12789876500,2017-10-02
1463,Sistema,12806016300,2017-10-03
1464,Sistema,12858167300,2017-10-04
1465,Sistema,12856541800,2017-10-05
1466,Sistema,12845071900,2017-10-06
1467,Sistema,12823148600,2017-10-07
1468,Sistema,12790432800,2017-10-08
1469,Sistema,12738119600,2017-10-09
1470,Sistema,12706856900,2017-10-10
1471,Sistema,12693262700,2017-10-11
1472,Sistema,12634016100,2017-10-12
1473,Sistema,12576893100,2017-10-13
1474,Sistema,12541728200,2017-10-14
1475,Sistema,12527894900,2017-10-15
1476,Sistema,12493626700,2017-10-16
1477,Sistema,12421144900,2017-10-17
1478,Sistema,12355053000,2017-10-18
1479,Sistema,12287927400,2017-10-19
1480,Sistema,12230212600,2017-10-20
1481,Sistema,12194326100,2017-10-21
1482,Sistema,12204220500,2017-10-22
1483,Sistema,12168507500,2017-10-23
1484,Sistema,12117069600,2017-10-24
1485,Sistema,12053966100,2017-10-25
1486,Sistema,12035896200,2017-10-26
1487,Sistema,11988715900,2017-10-27
1488,Sistema,12013251400,2017-10-28
1489,Sistema,12125800700,2017-10-29
1490,Sistema,12130555100,2017-10-30
1491,Sistema,12122485300,2017-10-31
1492,Sistema,12098181300,2017-11-01
1493,Sistema,12067825200,2017-11-02
1494,Sistema,12058572200,2017-11-03
1495,Sistema,12145883800,2017-11-04
1496,Sistema,12167286800,2017-11-05
1497,Sistema,12171671300,2017-11-06
1498,Sistema,12131275800,2017-11-07
1499,Sistema,12125415100,2017-11-08
1500,Sistema,12120491300,2017-11-09
1501,Sistema,12118499200,2017-11-10
1502,Sistema,12138039200,2017-11-11
1503,Sistema,12142998400,2017-11-12
1504,Sistema,12124547100,2017-11-13
1505,Sistema,12119581900,2017-11-14
1506,Sistema,12203446700,2017-11-15
1507,Sistema,12300970600,2017-11-16
1508,Sistema,12353823300,2017-11-17
1509,Sistema,12442302800,2017-11-18
1510,Sistema,12557092500,2017-11-19
1511,Sistema,12602474400,2017-11-20
1512,Sistema,12604887700,2017-11-21
1513,Sistema,12590850300,2017-11-22
1514,Sistema,12570020700,2017-11-23
1515,Sistema,12576474900,2017-11-24
1516,Sistema,12587553100,2017-11-25
1517,Sistema,12598778400,2017-11-26
1518,Sistema,12559812900,2017-11-27
1519,Sistema,12519752900,2017-11-28
1520,Sistema,12476003700,2017-11-29
1521,Sistema,12431907900,2017-11-30
1522,Sistema,12409977200,2017-12-01
1523,Sistema,12419324600,2017-12-02
1524,Sistema,12413370000,2017-12-03
1525,Sistema,12383895600,2017-12-04
1526,Sistema,12365148400,2017-12-05
1527,Sistema,12295565600,2017-12-06
1528,Sistema,12238897300,2017-12-07
1529,Sistema,12206404500,2017-12-08
1530,Sistema,12232542000,2017-12-09
1531,Sistema,12251841700,2017-12-10
1532,Sistema,12234710800,2017-12-11
1533,Sistema,12237669300,2017-12-12
1534,Sistema,12174073700,2017-12-13
1535,Sistema,12141531400,2017-12-14
1536,Sistema,12069229500,2017-12-15
1537,Sistema,12005522000,2017-12-16
1538,Sistema,11943315400,2017-12-17
1539,Sistema,11846864500,2017-12-18
1540,Sistema,11736594600,2017-12-19
1541,Sistema,11630509200,2017-12-20
1542,Sistema,11523848100,2017-12-21
1543,Sistema,11424622200,2017-12-22
1544,Sistema,11339499100,2017-12-23
1545,Sistema,11277294100,2017-12-24
1546,Sistema,11238654700,2017-12-25
1547,Sistema,11175594200,2017-12-26
1548,Sistema,11154610500,2017-12-27
1549,Sistema,11112111600,2017-12-28
1550,Sistema,11087769200,2017-12-29
1551,Sistema,11081160000,2017-12-30
1552,Sistema,11091032000,2017-12-31
1553,Sistema,11113080100,2018-01-01
1554,Sistema,11131663000,2018-01-02
1555,Sistema,11144394400,2018-01-03
1556,Sistema,11146180700,2018-01-04
1557,Sistema,11147887700,2018-01-05
1558,Sistema,11134728700,2018-01-06
1559,Sistema,11118543800,2018-01-07
1560,Sistema,11086978300,2018-01-08
1561,Sistema,11087451900,2018-01-09
1562,Sistema,11097500400,2018-01-10
1563,Sistema,11079501400,2018-01-11
1564,Sistema,11086928100,2018-01-12
1565,Sistema,11027463600,2018-01-13
1566,Sistema,11016011400,2018-01-14
1567,Sistema,10987592300,2018-01-15
1568,Sistema,10954067800,2018-01-16
1569,Sistema,10947353600,2018-01-17
1570,Sistema,10959630400,2018-01-18
1571,Sistema,10990302600,2018-01-19
1572,Sistema,10981924900,2018-01-20
1573,Sistema,10955538800,2018-01-21
1574,Sistema,10893575500,2018-01-22
1575,Sistema,10829485100,2018-01-23
1576,Sistema,10764615500,2018-01-24
1577,Sistema,10672158000,2018-01-25
1578,Sistema,10590756400,2018-01-26
1579,Sistema,10515722500,2018-01-27
1580,Sistema,10470735100,2018-01-28
1581,Sistema,10384388500,2018-01-29
1582,Sistema,10302242700,2018-01-30
1583,Sistema,10204164100,2018-01-31
1584,Sistema,10108590100,2018-02-01
1585,Sistema,10043898100,2018-02-02
1586,Sistema,10005722900,2018-02-03
1587,Sistema,9968813800,2018-02-04
1588,Sistema,9903972300,2018-02-05
1589,Sistema,9837778100,2018-02-06
1590,Sistema,9773109800,2018-02-07
1591,Sistema,9686675900,2018-02-08
1592,Sistema,9596852300,2018-02-09
1593,Sistema,9533488500,2018-02-10
1594,Sistema,9504624000,2018-02-11
1595,Sistema,9463064300,2018-02-12
1596,Sistema,9406090000,2018-02-13
1597,Sistema,9352483000,2018-02-14
1598,Sistema,9297844500,2018-02-15
1599,Sistema,9237215000,2018-02-16
1600,Sistema,9179236900,2018-02-17
1601,Sistema,9136528100,2018-02-18
1602,Sistema,9077440300,2018-02-19
1603,Sistema,8999376400,2018-02-20
1604,Sistema,8926701900,2018-02-21
1605,Sistema,8862228000,2018-02-22
1606,Sistema,8815039800,2018-02-23
1607,Sistema,8785641300,2018-02-24
1608,Sistema,8760372500,2018-02-25
1609,Sistema,8689888700,2018-02-26
1610,Sistema,8614937300,2018-02-27
1611,Sistema,8521475400,2018-02-28
1612,Sistema,8415708200,2018-03-01
1613,Sistema,8329973100,2018-03-02
1614,Sistema,8250132700,2018-03-03
1615,Sistema,8188297200,2018-03-04
1616,Sistema,8146528900,2018-03-05
1617,Sistema,8085246500,2018-03-06
1618,Sistema,8013861700,2018-03-07
1619,Sistema,7966525000,2018-03-08
1620,Sistema,7893903300,2018-03-09
1621,Sistema,7812987600,2018-03-10
1622,Sistema,7742611400,2018-03-11
1623,Sistema,7635516600,2018-03-12
1624,Sistema,7556156700,2018-03-13
1625,Sistema,7478229500,2018-03-14
1626,Sistema,7409081400,2018-03-15
1627,Sistema,7349292500,2018-03-16
1628,Sistema,7275749000,2018-03-17
1629,Sistema,7231651300,2018-03-18
1630,Sistema,7188357200,2018-03-19
1631,Sistema,7130019200,2018-03-20
1632,Sistema,7079261300,2018-03-21
1633,Sistema,7012144600,2018-03-22
1634,Sistema,6953348500,2018-03-23
1635,Sistema,6913178800,2018-03-24
1636,Sistema,6896172000,2018-03-25
1637,Sistema,6852857300,2018-03-26
1638,Sistema,6811728800,2018-03-27
1639,Sistema,6770755200,2018-03-28
1640,Sistema,6798646600,2018-03-29
1641,Sistema,6776427000,2018-03-30
1642,Sistema,6821042800,2018-03-31
1643,Sistema,6923635400,2018-04-01
1644,Sistema,6996632500,2018-04-02
1645,Sistema,7074830900,2018-04-03
1646,Sistema,7160762600,2018-04-04
1647,Sistema,7210705900,2018-04-05
1648,Sistema,7313529300,2018-04-06
1649,Sistema,7327774100,2018-04-07
1650,Sistema,7366335400,2018-04-08
1651,Sistema,7356060300,2018-04-09
1652,Sistema,7357537100,2018-04-10
1653,Sistema,7371363200,2018-04-11
1654,Sistema,7418657500,2018-04-12
1655,Sistema,7468470300,2018-04-13
1656,Sistema,7579236900,2018-04-14
1657,Sistema,7626739500,2018-04-15
1658,Sistema,7626323000,2018-04-16
1659,Sistema,7606342500,2018-04-17
1660,Sistema,7594195100,2018-04-18
1661,Sistema,7644966600,2018-04-19
1662,Sistema,7633692700,2018-04-20
1663,Sistema,7593915900,2018-04-21
1664,Sistema,7609749200,2018-04-22
1665,Sistema,7620872700,2018-04-23
1666,Sistema,7612201100,2018-04-24
1667,Sistema,7631128400,2018-04-25
1668,Sistema,7730657000,2018-04-26
1669,Sistema,7918339400,2018-04-27
1670,Sistema,8016307300,2018-04-28
1671,Sistema,8134661700,2018-04-29
1672,Sistema,8167532700,2018-04-30
1673,Sistema,8200550200,2018-05-01
1674,Sistema,8308118200,2018-05-02
1675,Sistema,8344697400,2018-05-03
1676,Sistema,8455570500,2018-05-04
1677,Sistema,8526827100,2018-05-05
1678,Sistema,8621240800,2018-05-06
1679,Sistema,8786225200,2018-05-07
1680,Sistema,9065445300,2018-05-08
1681,Sistema,9274870100,2018-05-09
1682,Sistema,9437464700,2018-05-10
1683,Sistema,9526436300,2018-05-11
1684,Sistema,9569857200,2018-05-12
1685,Sistema,9728804800,2018-05-13
1686,Sistema,9898033300,2018-05-14
1687,Sistema,10065892100,2018-05-15
1688,Sistema,10122873600,2018-05-16
1689,Sistema,10193426000,2018-05-17
1690,Sistema,10239675000,2018-05-18
1691,Sistema,10326033300,2018-05-19
1692,Sistema,10488072400,2018-05-20
1693,Sistema,10579532800,2018-05-21
1694,Sistema,10606597600,2018-05-22
1695,Sistema,10779296900,2018-05-23
1696,Sistema,10859490600,2018-05-24
1697,Sistema,10934885100,2018-05-25
1698,Sistema,11082711600,2018-05-26
1699,Sistema,11286861300,2018-05-27
1700,Sistema,11487252200,2018-05-28
1701,Sistema,11532184100,2018-05-29
1702,Sistema,11569887500,2018-05-30
1703,Sistema,11594062800,2018-05-31
1704,Sistema,11701071000,2018-06-01
1705,Sistema,11781464600,2018-06-02
1706,Sistema,11902428500,2018-06-03
1707,Sistema,12094537300,2018-06-04
1708,Sistema,12204552900,2018-06-05
1709,Sistema,12475866700,2018-06-06
1710,Sistema,12370255000,2018-06-07
1711,Sistema,12408609900,2018-06-08
1712,Sistema,12488082200,2018-06-09
1713,Sistema,12564838900,2018-06-10
1714,Sistema,12666433700,2018-06-11
1715,Sistema,12704902100,2018-06-12
1716,Sistema,12706435300,2018-06-13
1717,Sistema,12780329000,2018-06-14
1718,Sistema,12841275500,2018-06-15
1719,Sistema,12910912900,2018-06-16
1720,Sistema,13014033900,2018-06-17
1721,Sistema,13063608000,2018-06-18
1722,Sistema,13076492200,2018-06-19
1723,Sistema,13089575300,2018-06-20
1724,Sistema,13113893500,2018-06-21
1725,Sistema,13097049400,2018-06-22
1726,Sistema,13127985900,2018-06-23
1727,Sistema,13243993400,2018-06-24
1728,Sistema,13263703900,2018-06-25
1729,Sistema,13324868600,2018-06-26
1730,Sistema,13334929300,2018-06-27
1731,Sistema,13462932700,2018-06-28
1732,Sistema,13486591600,2018-06-29
1733,Sistema,13518200100,2018-06-30
1734,Sistema,13562377800,2018-07-01
1735,Sistema,13652410200,2018-07-02
1736,Sistema,13689757300,2018-07-03
1737,Sistema,13690638500,2018-07-04
1738,Sistema,13671848900,2018-07-05
1739,Sistema,13677294900,2018-07-06
1740,Sistema,13693675600,2018-07-07
1741,Sistema,13713786400,2018-07-08
1742,Sistema,13706850200,2018-07-09
1743,Sistema,13733018900,2018-07-10
1744,Sistema,13719515700,2018-07-11
1745,Sistema,13720417600,2018-07-12
1746,Sistema,13732936500,2018-07-13
1747,Sistema,13728680500,2018-07-14
1748,Sistema,13735184700,2018-07-15
1749,Sistema,13743578500,2018-07-16
1750,Sistema,13742157900,2018-07-17
1751,Sistema,13771769400,2018-07-18
1752,Sistema,13778762500,2018-07-19
1753,Sistema,13786967800,2018-07-20
1754,Sistema,13796911700,2018-07-21
1755,Sistema,13817486500,2018-07-22
1756,Sistema,13805704700,2018-07-23
1757,Sistema,13853265400,2018-07-24
1758,Sistema,13860153600,2018-07-25
1759,Sistema,13850131400,2018-07-26
1760,Sistema,13882276300,2018-07-27
1761,Sistema,13926239200,2018-07-28
1762,Sistema,13945549000,2018-07-29
1763,Sistema,13952657200,2018-07-30
1764,Sistema,13969987600,2018-07-31
1765,Sistema,13975424900,2018-08-01
1766,Sistema,13952863600,2018-08-02
1767,Sistema,13992364100,2018-08-03
1768,Sistema,14048581300,2018-08-04
1769,Sistema,14152961900,2018-08-05
1770,Sistema,13917995100,2018-08-06
1771,Sistema,13896628800,2018-08-07
1772,Sistema,13854185300,2018-08-08
1773,Sistema,13839729000,2018-08-09
1774,Sistema,13793802200,2018-08-10
1775,Sistema,13757190900,2018-08-11
1776,Sistema,13750289300,2018-08-12
1777,Sistema,13735584600,2018-08-13
1778,Sistema,13773519100,2018-08-14
1779,Sistema,13754277400,2018-08-15
1780,Sistema,13716526200,2018-08-16
1781,Sistema,13690901200,2018-08-17
1782,Sistema,13662728300,2018-08-18
1783,Sistema,13697826600,2018-08-19
1784,Sistema,13684027800,2018-08-20
1785,Sistema,13671334100,2018-08-21
1786,Sistema,13667922300,2018-08-22
1787,Sistema,13628193800,2018-08-23
1788,Sistema,13635682800,2018-08-24
1789,Sistema,13595973300,2018-08-25
1790,Sistema,13626712700,2018-08-26
1791,Sistema,13705114600,2018-08-27
1792,Sistema,13670756500,2018-08-28
1793,Sistema,13646133700,2018-08-29
1794,Sistema,13655581700,2018-08-30
1795,Sistema,13628412000,2018-08-31
1796,Sistema,13604676500,2018-09-01
1797,Sistema,13602319600,2018-09-02
1798,Sistema,13563190400,2018-09-03
1799,Sistema,13563349800,2018-09-04
1800,Sistema,13569988100,2018-09-05
1801,Sistema,13624704800,2018-09-06
1802,Sistema,13657681500,2018-09-07
1803,Sistema,13717644000,2018-09-08
1804,Sistema,13736102500,2018-09-09
1805,Sistema,13697704300,2018-09-10
1806,Sistema,13653582100,2018-09-11
1807,Sistema,13606992000,2018-09-12
1808,Sistema,13559662400,2018-09-13
1809,Sistema,13556620600,2018-09-14
1810,Sistema,13586713300,2018-09-15
1811,Sistema,13655577000,2018-09-16
1812,Sistema,13623584200,2018-09-17
1813,Sistema,13579750000,2018-09-18
1814,Sistema,13572555200,2018-09-19
1815,Sistema,13537993400,2018-09-20
1816,Sistema,13478826900,2018-09-21
1817,Sistema,13452413700,2018-09-22
1818,Sistema,13401511300,2018-09-23
1819,Sistema,13322900200,2018-09-24
1820,Sistema,13247938400,2018-09-25
1821,Sistema,13191840500,2018-09-26
1822,Sistema,13219887200,2018-09-27
1823,Sistema,13212187400,2018-09-28
1824,Sistema,13257019500,2018-09-29
1825,Sistema,13293982100,2018-09-30
1826,Sistema,13274720100,2018-10-01
1827,Sistema,13261726500,2018-10-02
1828,Sistema,13226007600,2018-10-03
1829,Sistema,13212488900,2018-10-04
1830,Sistema,13247336700,2018-10-05
1831,Sistema,13305938100,2018-10-06
1832,Sistema,13338423300,2018-10-07
1833,Sistema,13347592900,2018-10-08
1834,Sistema,13369908000,2018-10-09
1835,Sistema,13416828600,2018-10-10
1836,Sistema,13640353100,2018-10-11
1837,Sistema,13687550800,2018-10-12
1838,Sistema,13688869600,2018-10-13
1839,Sistema,13710102200,2018-10-14
1840,Sistema,13740294600,2018-10-15
1841,Sistema,13758066800,2018-10-16
1842,Sistema,13759926500,2018-10-17
1843,Sistema,13734361700,2018-10-18
1844,Sistema,13716526200,2018-10-19
1845,Sistema,13729549700,2018-10-20
1846,Sistema,13770954000,2018-10-21
1847,Sistema,13762585800,2018-10-22
1848,Sistema,13764788400,2018-10-23
1849,Sistema,13792805000,2018-10-24
1850,Sistema,13811388800,2018-10-25
1851,Sistema,13827013800,2018-10-26
1852,Sistema,13837248800,2018-10-27
1853,Sistema,13839941900,2018-10-28
1854,Sistema,13834244800,2018-10-29
1855,Sistema,13820102900,2018-10-30
1856,Sistema,13781396900,2018-10-31
1857,Sistema,13754082700,2018-11-01
1858,Sistema,13729308300,2018-11-02
1859,Sistema,13769499400,2018-11-03
1860,Sistema,13826301500,2018-11-04
1861,Sistema,13909415600,2018-11-05
1862,Sistema,13934900300,2018-11-06
1863,Sistema,13944514600,2018-11-07
1864,Sistema,13896912000,2018-11-08
1865,Sistema,13920833900,2018-11-09
1866,Sistema,13939162100,2018-11-10
1867,Sistema,13951261700,2018-11-11
1868,Sistema,13952719500,2018-11-12
1869,Sistema,13941795600,2018-11-13
1870,Sistema,13931620300,2018-11-14
1871,Sistema,13921585200,2018-11-15
1872,Sistema,13871357400,2018-11-16
1873,Sistema,13861065200,2018-11-17
1874,Sistema,13905701800,2018-11-18
1875,Sistema,13910710400,2018-11-19
1876,Sistema,13887448300,2018-11-20
1877,Sistema,13867821600,2018-11-21
1878,Sistema,13840021000,2018-11-22
1879,Sistema,13859918700,2018-11-23
1880,Sistema,13863577500,2018-11-24
1881,Sistema,13933255400,2018-11-25
1882,Sistema,13942649700,2018-11-26
1883,Sistema,13924950400,2018-11-27
1884,Sistema,13916507500,2018-11-28
1885,Sistema,13882439700,2018-11-29
1886,Sistema,13854215000,2018-11-30
1887,Sistema,13830157900,2018-12-01
1888,Sistema,13807320600,2018-12-02
1889,Sistema,13752383300,2018-12-03
1890,Sistema,13691777500,2018-12-04
1891,Sistema,13640202200,2018-12-05
1892,Sistema,13597448200,2018-12-06
1893,Sistema,13536364400,2018-12-07
1894,Sistema,13493507900,2018-12-08
1895,Sistema,13453463000,2018-12-09
1896,Sistema,13376597400,2018-12-10
1897,Sistema,13309850300,2018-12-11
1898,Sistema,13260736500,2018-12-12
1899,Sistema,13189852000,2018-12-13
1900,Sistema,13145946300,2018-12-14
1901,Sistema,13111125100,2018-12-15
1902,Sistema,13064391600,2018-12-16
1903,Sistema,13005539200,2018-12-17
1904,Sistema,12933929700,2018-12-18
1905,Sistema,12883389700,2018-12-19
1906,Sistema,12822807000,2018-12-20
1907,Sistema,12756321800,2018-12-21
1908,Sistema,12692561300,2018-12-22
1909,Sistema,12648072300,2018-12-23
1910,Sistema,12539456800,2018-12-24
1911,Sistema,12584132800,2018-12-25
1912,Sistema,12420607800,2018-12-26
1913,Sistema,12403941300,2018-12-27
1914,Sistema,12320872000,2018-12-28
1915,Sistema,12255301300,2018-12-29
1916,Sistema,12209280700,2018-12-30
1917,Sistema,12160720800,2018-12-31
1918,Sistema,12106776000,2019-01-01
1919,Sistema,12039628200,2019-01-02
1920,Sistema,11956390300,2019-01-03
1921,Sistema,11877030500,2019-01-04
1922,Sistema,11802897700,2019-01-05
1923,Sistema,11752163000,2019-01-06
1924,Sistema,11686118500,2019-01-07
1925,Sistema,11626602500,2019-01-08
1926,Sistema,11576952500,2019-01-09
1927,Sistema,11518743400,2019-01-10
1928,Sistema,11451746400,2019-01-11
1929,Sistema,11400469600,2019-01-12
1930,Sistema,11351405200,2019-01-13
1931,Sistema,11291252700,2019-01-14
1932,Sistema,11228881000,2019-01-15
1933,Sistema,11166922400,2019-01-16
1934,Sistema,11099824100,2019-01-17
1935,Sistema,11037972300,2019-01-18
1936,Sistema,10973280800,2019-01-19
1937,Sistema,10941113400,2019-01-20
1938,Sistema,10908006500,2019-01-21
1939,Sistema,10824741700,2019-01-22
1940,Sistema,10736180700,2019-01-23
1941,Sistema,10634442400,2019-01-24
1942,Sistema,10567005200,2019-01-25
1943,Sistema,10487127300,2019-01-26
1944,Sistema,10435498000,2019-01-27
1945,Sistema,10369483200,2019-01-28
1946,Sistema,10330507900,2019-01-29
1947,Sistema,10243972500,2019-01-30
1948,Sistema,10185807400,2019-01-31
1949,Sistema,10122073500,2019-02-01
1950,Sistema,10049594000,2019-02-02
1951,Sistema,10016665100,2019-02-03
1952,Sistema,9913626500,2019-02-04
1953,Sistema,9829888400,2019-02-05
1954,Sistema,9750817100,2019-02-06
1955,Sistema,9659731900,2019-02-07
1956,Sistema,9573991100,2019-02-08
1957,Sistema,9489753100,2019-02-09
1958,Sistema,9441903700,2019-02-10
1959,Sistema,9386859500,2019-02-11
1960,Sistema,9328677800,2019-02-12
1961,Sistema,9250413700,2019-02-13
1962,Sistema,9198153300,2019-02-14
1963,Sistema,9105042300,2019-02-15
1964,Sistema,9019020100,2019-02-16
1965,Sistema,8963916700,2019-02-17
1966,Sistema,8882475400,2019-02-18
1967,Sistema,8827278700,2019-02-19
1968,Sistema,8777176800,2019-02-20
1969,Sistema,8727805000,2019-02-21
1970,Sistema,8692037400,2019-02-22
1971,Sistema,8660985500,2019-02-23
1972,Sistema,8644509500,2019-02-24
1973,Sistema,8613842100,2019-02-25
1974,Sistema,8559565900,2019-02-26
1975,Sistema,8510944300,2019-02-27
1976,Sistema,8457131600,2019-02-28
1977,Sistema,8391267900,2019-03-01
1978,Sistema,8365555600,2019-03-02
1979,Sistema,8314398000,2019-03-03
1980,Sistema,8243123000,2019-03-04
1981,Sistema,8167397000,2019-03-05
1982,Sistema,8246588700,2019-03-06
1983,Sistema,8041277900,2019-03-07
1984,Sistema,7991354900,2019-03-08
1985,Sistema,7935582100,2019-03-09
1986,Sistema,7922253200,2019-03-10
1987,Sistema,7896027800,2019-03-11
1988,Sistema,7853914300,2019-03-12
1989,Sistema,7787861600,2019-03-13
1990,Sistema,7748045300,2019-03-14
1991,Sistema,7701442600,2019-03-15
1992,Sistema,7652765600,2019-03-16
1993,Sistema,7620023500,2019-03-17
1994,Sistema,7566105900,2019-03-18
1995,Sistema,7580352000,2019-03-19
1996,Sistema,7548226900,2019-03-20
1997,Sistema,7519142400,2019-03-21
1998,Sistema,7525397500,2019-03-22
1999,Sistema,7536042900,2019-03-23
2000,Sistema,7543643400,2019-03-24
2001,Sistema,7535861900,2019-03-25
2002,Sistema,7511148100,2019-03-26
2003,Sistema,7450213300,2019-03-27
2004,Sistema,7392382600,2019-03-28
2005,Sistema,7374296800,2019-03-29
2006,Sistema,7357539400,2019-03-30
2007,Sistema,7337299900,2019-03-31
2008,Sistema,7371223400,2019-04-01
2009,Sistema,7470354900,2019-04-02
2010,Sistema,7445852700,2019-04-03
2011,Sistema,7437298900,2019-04-04
2012,Sistema,7445754800,2019-04-05
2013,Sistema,7488393400,2019-04-06
2014,Sistema,7523101700,2019-04-07
2015,Sistema,7511624300,2019-04-08
2016,Sistema,7481912100,2019-04-09
2017,Sistema,7444631500,2019-04-10
2018,Sistema,7408898600,2019-04-11
2019,Sistema,7385122900,2019-04-12
2020,Sistema,7355109800,2019-04-13
2021,Sistema,7344355000,2019-04-14
2022,Sistema,7400800900,2019-04-15
2023,Sistema,7372266600,2019-04-16
2024,Sistema,7358719300,2019-04-17
2025,Sistema,7393639000,2019-04-18
2026,Sistema,7431573000,2019-04-19
2027,Sistema,7485997900,2019-04-20
2028,Sistema,7591036100,2019-04-21
2029,Sistema,7721067000,2019-04-22
2030,Sistema,7790011200,2019-04-23
2031,Sistema,7869671300,2019-04-24
2032,Sistema,7933257400,2019-04-25
2033,Sistema,7999216300,2019-04-26
2034,Sistema,8016137400,2019-04-27
2035,Sistema,8051978300,2019-04-28
2036,Sistema,8033418800,2019-04-29
2037,Sistema,7979163500,2019-04-30
2038,Sistema,7927428800,2019-05-01
2039,Sistema,7857393100,2019-05-02
2040,Sistema,7788093300,2019-05-03
2041,Sistema,7739848900,2019-05-04
2042,Sistema,7704845800,2019-05-05
2043,Sistema,7647021800,2019-05-06
2044,Sistema,7607970800,2019-05-07
2045,Sistema,7621020100,2019-05-08
2046,Sistema,7657889700,2019-05-09
2047,Sistema,7752648100,2019-05-10
2048,Sistema,7911535000,2019-05-11
2049,Sistema,8011597700,2019-05-12
2050,Sistema,8164611700,2019-05-13
2051,Sistema,8325849600,2019-05-14
2052,Sistema,8409040800,2019-05-15
2053,Sistema,8429233500,2019-05-16
2054,Sistema,8491209700,2019-05-17
2055,Sistema,8527361700,2019-05-18
2056,Sistema,8624923600,2019-05-19
2057,Sistema,8689107800,2019-05-20
2058,Sistema,8762642400,2019-05-21
2059,Sistema,8847346800,2019-05-22
2060,Sistema,8952892000,2019-05-23
2061,Sistema,9092439500,2019-05-24
2062,Sistema,9212175100,2019-05-25
2063,Sistema,9299590000,2019-05-26
2064,Sistema,9433903300,2019-05-27
2065,Sistema,9487247600,2019-05-28
2066,Sistema,9544112700,2019-05-29
2067,Sistema,9653870800,2019-05-30
2068,Sistema,9754838200,2019-05-31
2069,Sistema,9913164100,2019-06-01
2070,Sistema,10026395600,2019-06-02
2071,Sistema,10090422600,2019-06-03
2072,Sistema,10106240800,2019-06-04
2073,Sistema,10166878100,2019-06-05
2074,Sistema,10215111100,2019-06-06
2075,Sistema,10307656200,2019-06-07
2076,Sistema,10342602500,2019-06-08
2077,Sistema,10367821400,2019-06-09
2078,Sistema,10496806800,2019-06-10
2079,Sistema,10582219400,2019-06-11
2080,Sistema,10705988800,2019-06-12
2081,Sistema,10767325900,2019-06-13
2082,Sistema,10852067900,2019-06-14
2083,Sistema,10944577900,2019-06-15
2084,Sistema,11007908000,2019-06-16
2085,Sistema,11065579600,2019-06-17
2086,Sistema,11131839600,2019-06-18
2087,Sistema,11150526500,2019-06-19
2088,Sistema,11269373900,2019-06-20
2089,Sistema,11433860600,2019-06-21
2090,Sistema,11572120800,2019-06-22
2091,Sistema,11698789400,2019-06-23
2092,Sistema,11818546300,2019-06-24
2093,Sistema,11868725000,2019-06-25
2094,Sistema,11916695900,2019-06-26
2095,Sistema,11899049600,2019-06-27
2096,Sistema,11880077800,2019-06-28
2097,Sistema,11905425700,2019-06-29
2098,Sistema,11974428500,2019-06-30
2099,Sistema,12084210800,2019-07-01
2100,Sistema,12117433400,2019-07-02
2101,Sistema,12124579600,2019-07-03
2102,Sistema,12108825600,2019-07-04
2103,Sistema,12125744600,2019-07-05
2104,Sistema,12136036800,2019-07-06
2105,Sistema,12131851000,2019-07-07
2106,Sistema,12127540200,2019-07-08
2107,Sistema,12162805300,2019-07-09
2108,Sistema,12132140200,2019-07-10
2109,Sistema,12110497300,2019-07-11
2110,Sistema,12077571200,2019-07-12
2111,Sistema,12125800100,2019-07-13
2112,Sistema,12250089800,2019-07-14
2113,Sistema,12335353100,2019-07-15
2114,Sistema,12350071500,2019-07-16
2115,Sistema,12329386700,2019-07-17
2116,Sistema,12290988700,2019-07-18
2117,Sistema,12321446400,2019-07-19
2118,Sistema,12398533900,2019-07-20
2119,Sistema,12452152200,2019-07-21
2120,Sistema,12497556400,2019-07-22
2121,Sistema,12613339900,2019-07-23
2122,Sistema,12632889700,2019-07-24
2123,Sistema,12649569300,2019-07-25
2124,Sistema,12684407300,2019-07-26
2125,Sistema,12714106600,2019-07-27
2126,Sistema,12787405300,2019-07-28
2127,Sistema,12738729400,2019-07-29
2128,Sistema,12731897600,2019-07-30
2129,Sistema,12703355800,2019-07-31
2130,Sistema,12711269400,2019-08-01
2131,Sistema,12686018700,2019-08-02
2132,Sistema,12723838400,2019-08-03
2133,Sistema,12736851400,2019-08-04
2134,Sistema,12698393900,2019-08-05
2135,Sistema,12677952700,2019-08-06
2136,Sistema,12648982100,2019-08-07
2137,Sistema,12636332300,2019-08-08
2138,Sistema,12591480200,2019-08-09
2139,Sistema,12558213900,2019-08-10
2140,Sistema,12588503700,2019-08-11
2141,Sistema,12568973000,2019-08-12
2142,Sistema,12608329400,2019-08-13
2143,Sistema,12628903000,2019-08-14
2144,Sistema,12665517800,2019-08-15
2145,Sistema,12666636300,2019-08-16
2146,Sistema,12666461300,2019-08-17
2147,Sistema,12660254800,2019-08-18
2148,Sistema,12677138800,2019-08-19
2149,Sistema,12650347400,2019-08-20
2150,Sistema,12616596900,2019-08-21
2151,Sistema,12545628300,2019-08-22
2152,Sistema,12472846100,2019-08-23
2153,Sistema,12413089700,2019-08-24
2154,Sistema,12363987100,2019-08-25
2155,Sistema,12374743900,2019-08-26
2156,Sistema,12290283000,2019-08-27
2157,Sistema,12256569300,2019-08-28
2158,Sistema,12212590600,2019-08-29
2159,Sistema,12136971800,2019-08-30
2160,Sistema,12074579300,2019-08-31
2161,Sistema,12045518800,2019-09-01
2162,Sistema,12042350100,2019-09-02
2163,Sistema,11978815000,2019-09-03
2164,Sistema,11919126700,2019-09-04
2165,Sistema,11862612200,2019-09-05
2166,Sistema,11843082700,2019-09-06
2167,Sistema,11782507500,2019-09-07
2168,Sistema,11727482900,2019-09-08
2169,Sistema,11640006000,2019-09-09
2170,Sistema,11557521100,2019-09-10
2171,Sistema,11482676800,2019-09-11
2172,Sistema,11421310300,2019-09-12
2173,Sistema,11394918200,2019-09-13
2174,Sistema,11372657100,2019-09-14
2175,Sistema,11346495500,2019-09-15
2176,Sistema,11321221000,2019-09-16
2177,Sistema,11265013200,2019-09-17
2178,Sistema,11252456400,2019-09-18
2179,Sistema,11275982000,2019-09-19
2180,Sistema,11271564100,2019-09-20
2181,Sistema,11285119300,2019-09-21
2182,Sistema,11288922600,2019-09-22
2183,Sistema,11315697400,2019-09-23
2184,Sistema,11282771100,2019-09-24
2185,Sistema,11274652500,2019-09-25
2186,Sistema,11279118900,2019-09-26
2187,Sistema,11222269300,2019-09-27
2188,Sistema,11180415200,2019-09-28
2189,Sistema,11179447500,2019-09-29
2190,Sistema,11154731300,2019-09-30
2191,Sistema,11155102200,2019-10-01
2192,Sistema,11138087100,2019-10-02
2193,Sistema,11199946800,2019-10-03
2194,Sistema,11187425700,2019-10-04
2195,Sistema,11169513000,2019-10-05
2196,Sistema,11194973200,2019-10-06
2197,Sistema,11152656200,2019-10-07
2198,Sistema,11121738400,2019-10-08
2199,Sistema,11089692700,2019-10-09
2200,Sistema,11095184800,2019-10-10
2201,Sistema,11114753600,2019-10-11
2202,Sistema,11180201100,2019-10-12
2203,Sistema,11303645200,2019-10-13
2204,Sistema,11360172300,2019-10-14
2205,Sistema,11346917700,2019-10-15
2206,Sistema,11324996100,2019-10-16
2207,Sistema,11320351200,2019-10-17
2208,Sistema,11329384200,2019-10-18
2209,Sistema,11414474400,2019-10-19
2210,Sistema,11491947400,2019-10-20
2211,Sistema,11540917800,2019-10-21
2212,Sistema,11563393400,2019-10-22
2213,Sistema,11619714700,2019-10-23
2214,Sistema,11694093400,2019-10-24
2215,Sistema,11733507700,2019-10-25
2216,Sistema,11786863800,2019-10-26
2217,Sistema,11867253400,2019-10-27
2218,Sistema,11864812200,2019-10-28
2219,Sistema,11865426000,2019-10-29
2220,Sistema,11864755100,2019-10-30
2221,Sistema,11856530600,2019-10-31
2222,Sistema,11826163900,2019-11-01
2223,Sistema,11812937100,2019-11-02
2224,Sistema,11803280500,2019-11-03
2225,Sistema,11805007400,2019-11-04
2226,Sistema,11788248800,2019-11-05
2227,Sistema,11750713000,2019-11-06
2228,Sistema,11700258200,2019-11-07
2229,Sistema,11653808200,2019-11-08
2230,Sistema,11662776000,2019-11-09
2231,Sistema,11654421300,2019-11-10
2232,Sistema,11722062500,2019-11-11
2233,Sistema,11768886800,2019-11-12
2234,Sistema,11854772600,2019-11-13
2235,Sistema,11914935800,2019-11-14
2236,Sistema,11956507200,2019-11-15
2237,Sistema,11972873300,2019-11-16
2238,Sistema,12004658700,2019-11-17
2239,Sistema,11996203700,2019-11-18
2240,Sistema,11996991800,2019-11-19
2241,Sistema,12020723700,2019-11-20
2242,Sistema,12022368500,2019-11-21
2243,Sistema,12045764000,2019-11-22
2244,Sistema,12070491600,2019-11-23
2245,Sistema,12091025600,2019-11-24
2246,Sistema,12067624900,2019-11-25
2247,Sistema,12024650400,2019-11-26
2248,Sistema,11996841700,2019-11-27
2249,Sistema,11967675000,2019-11-28
2250,Sistema,11826740300,2019-11-29
2251,Sistema,11878576700,2019-11-30
2252,Sistema,11865493300,2019-12-01
2253,Sistema,11815425900,2019-12-02
2254,Sistema,11772753600,2019-12-03
2255,Sistema,11723139600,2019-12-04
2256,Sistema,11674445900,2019-12-05
2257,Sistema,11610125900,2019-12-06
2258,Sistema,11579688300,2019-12-07
2259,Sistema,11564033200,2019-12-08
2260,Sistema,11514189000,2019-12-09
2261,Sistema,11452313200,2019-12-10
2262,Sistema,11397271300,2019-12-11
2263,Sistema,11360098900,2019-12-12
2264,Sistema,11323114200,2019-12-13
2265,Sistema,11349514800,2019-12-14
2266,Sistema,11400854400,2019-12-15
2267,Sistema,11366226200,2019-12-16
2268,Sistema,11334465500,2019-12-17
2269,Sistema,11297223200,2019-12-18
2270,Sistema,11244581600,2019-12-19
2271,Sistema,11236776400,2019-12-20
2272,Sistema,11219413800,2019-12-21
2273,Sistema,11217512000,2019-12-22
2274,Sistema,11195845400,2019-12-23
2275,Sistema,11166231800,2019-12-24
2276,Sistema,11184577300,2019-12-25
2277,Sistema,11197513800,2019-12-26
2278,Sistema,11177865900,2019-12-27
2279,Sistema,11129337800,2019-12-28
2280,Sistema,11089643900,2019-12-29
2281,Sistema,11073932400,2019-12-30
2282,Sistema,11126097700,2019-12-31
2283,Sistema,11143407100,2020-01-01
2284,Sistema,11128500500,2020-01-02
2285,Sistema,11085096800,2020-01-03
2286,Sistema,11029565400,2020-01-04
2287,Sistema,10985194800,2020-01-05
2288,Sistema,10936518600,2020-01-06
2289,Sistema,10865509100,2020-01-07
2290,Sistema,10794117600,2020-01-08
2291,Sistema,10713759400,2020-01-09
2292,Sistema,10627709400,2020-01-10
2293,Sistema,10548177800,2020-01-11
2294,Sistema,10480575500,2020-01-12
2295,Sistema,10395453400,2020-01-13
2296,Sistema,10313712700,2020-01-14
2297,Sistema,10231492700,2020-01-15
2298,Sistema,10100375200,2020-01-16
2299,Sistema,10058410300,2020-01-17
2300,Sistema,9984644600,2020-01-18
2301,Sistema,9929190200,2020-01-19
2302,Sistema,9857566700,2020-01-20
2303,Sistema,9794731700,2020-01-21
2304,Sistema,9742051900,2020-01-22
2305,Sistema,9682472400,2020-01-23
2306,Sistema,9614884300,2020-01-24
2307,Sistema,9545590600,2020-01-25
2308,Sistema,9504753200,2020-01-26
2309,Sistema,9448366800,2020-01-27
2310,Sistema,9386247600,2020-01-28
2311,Sistema,9312355500,2020-01-29
2312,Sistema,9233215100,2020-01-30
2313,Sistema,9156605000,2020-01-31
2314,Sistema,9086834300,2020-02-01
2315,Sistema,9035375100,2020-02-02
2316,Sistema,8937872200,2020-02-03
2317,Sistema,8880113400,2020-02-04
2318,Sistema,8801760900,2020-02-05
2319,Sistema,8721198600,2020-02-06
2320,Sistema,8634660600,2020-02-07
2321,Sistema,8551249700,2020-02-08
2322,Sistema,8504963700,2020-02-09
2323,Sistema,8413781700,2020-02-10
2324,Sistema,8321985900,2020-02-11
2325,Sistema,8229162000,2020-02-12
2326,Sistema,8137546600,2020-02-13
2327,Sistema,8053344400,2020-02-14
2328,Sistema,8011205000,2020-02-15
2329,Sistema,7965994600,2020-02-16
2330,Sistema,7901782500,2020-02-17
2331,Sistema,7798549400,2020-02-18
2332,Sistema,7696262900,2020-02-19
2333,Sistema,7621493100,2020-02-20
2334,Sistema,7570327500,2020-02-21
2335,Sistema,7559418200,2020-02-22
2336,Sistema,7571818100,2020-02-23
2337,Sistema,7559320100,2020-02-24
2338,Sistema,7549110700,2020-02-25
2339,Sistema,7531368600,2020-02-26
2340,Sistema,7481056700,2020-02-27
2341,Sistema,7403347300,2020-02-28
2342,Sistema,7340691400,2020-02-29
2343,Sistema,7306073600,2020-03-01
2344,Sistema,7247900200,2020-03-02
2345,Sistema,7190657700,2020-03-03
2346,Sistema,7134906800,2020-03-04
2347,Sistema,7050169100,2020-03-05
2348,Sistema,6972296100,2020-03-06
2349,Sistema,6921633500,2020-03-07
2350,Sistema,6879651400,2020-03-08
2351,Sistema,6823697000,2020-03-09
2352,Sistema,6752149000,2020-03-10
2353,Sistema,6713056900,2020-03-11
2354,Sistema,6664465900,2020-03-12
2355,Sistema,6625218100,2020-03-13
2356,Sistema,6615865200,2020-03-14
2357,Sistema,6602628700,2020-03-15
2358,Sistema,6554337200,2020-03-16
2359,Sistema,6509283100,2020-03-17
2360,Sistema,6458166300,2020-03-18
2361,Sistema,6402269900,2020-03-19
2362,Sistema,6364029600,2020-03-20
2363,Sistema,6313646700,2020-03-21
2364,Sistema,6275856000,2020-03-22
2365,Sistema,6210783500,2020-03-23
2366,Sistema,6153406200,2020-03-24
2367,Sistema,6108396500,2020-03-25
2368,Sistema,6064013500,2020-03-26
2369,Sistema,6006924000,2020-03-27
2370,Sistema,5957191400,2020-03-28
2371,Sistema,5903641500,2020-03-29
2372,Sistema,5871789700,2020-03-30
2373,Sistema,5858469200,2020-03-31
2374,Sistema,5901694400,2020-04-01
2375,Sistema,5882725500,2020-04-02
2376,Sistema,5862409900,2020-04-03
2377,Sistema,5846609200,2020-04-04
2378,Sistema,5827244600,2020-04-05
2379,Sistema,5781532700,2020-04-06
2380,Sistema,5800484600,2020-04-07
2381,Sistema,5775718400,2020-04-08
2382,Sistema,5776487000,2020-04-09
2383,Sistema,5761100000,2020-04-10
2384,Sistema,5833236900,2020-04-11
2385,Sistema,5835522400,2020-04-12
2386,Sistema,5803075800,2020-04-13
2387,Sistema,5765858200,2020-04-14
2388,Sistema,5740209400,2020-04-15
2389,Sistema,5692473200,2020-04-16
2390,Sistema,5644884600,2020-04-17
2391,Sistema,5648154400,2020-04-18
2392,Sistema,5643263700,2020-04-19
2393,Sistema,5617994400,2020-04-20
2394,Sistema,5621111500,2020-04-21
2395,Sistema,5599969400,2020-04-22
2396,Sistema,5627548700,2020-04-23
2397,Sistema,5598609500,2020-04-24
2398,Sistema,5548452000,2020-04-25
2399,Sistema,5514097300,2020-04-26
2400,Sistema,5458484400,2020-04-27
2401,Sistema,5462591000,2020-04-28
2402,Sistema,5433584600,2020-04-29
2403,Sistema,5405007800,2020-04-30
2404,Sistema,5454305600,2020-05-01
2405,Sistema,5454515300,2020-05-02
2406,Sistema,5493990900,2020-05-03
2407,Sistema,5504030100,2020-05-04
2408,Sistema,5510860100,2020-05-05
2409,Sistema,5490894400,2020-05-06
2410,Sistema,5556833800,2020-05-07
2411,Sistema,5568398000,2020-05-08
2412,Sistema,5566133100,2020-05-09
2413,Sistema,5567453600,2020-05-10
2414,Sistema,5548550100,2020-05-11
2415,Sistema,5512907000,2020-05-12
2416,Sistema,5527235700,2020-05-13
2417,Sistema,5489554700,2020-05-14
2418,Sistema,5466205800,2020-05-15
2419,Sistema,5487646200,2020-05-16
2420,Sistema,5523048900,2020-05-17
2421,Sistema,5562847600,2020-05-18
2422,Sistema,5664768700,2020-05-19
2423,Sistema,5677414200,2020-05-20
2424,Sistema,5643875600,2020-05-21
2425,Sistema,5620884600,2020-05-22
2426,Sistema,5595805800,2020-05-23
2427,Sistema,5577916500,2020-05-24
2428,Sistema,5578312700,2020-05-25
2429,Sistema,5586101500,2020-05-26
2430,Sistema,5650365600,2020-05-27
2431,Sistema,5720269500,2020-05-28
2432,Sistema,5745101900,2020-05-29
2433,Sistema,5869690900,2020-05-30
2434,Sistema,5974134100,2020-05-31
2435,Sistema,6070320500,2020-06-01
2436,Sistema,6117803600,2020-06-02
2437,Sistema,6146467100,2020-06-03
2438,Sistema,6194860500,2020-06-04
2439,Sistema,6192223200,2020-06-05
2440,Sistema,6298968600,2020-06-06
2441,Sistema,6346004400,2020-06-07
2442,Sistema,6337306300,2020-06-08
2443,Sistema,6323402300,2020-06-09
2444,Sistema,6391206000,2020-06-10
2445,Sistema,6485835200,2020-06-11
2446,Sistema,6645308100,2020-06-12
2447,Sistema,6699048100,2020-06-13
2448,Sistema,6780087000,2020-06-14
2449,Sistema,6888733500,2020-06-15
2450,Sistema,6913201700,2020-06-16
2451,Sistema,6991028500,2020-06-17
2452,Sistema,7030196700,2020-06-18
2453,Sistema,7072781700,2020-06-19
2454,Sistema,7234367600,2020-06-20
2455,Sistema,7416043300,2020-06-21
2456,Sistema,7551785600,2020-06-22
2457,Sistema,7643220900,2020-06-23
2458,Sistema,7678812300,2020-06-24
2459,Sistema,7699717200,2020-06-25
2460,Sistema,7763530400,2020-06-26
2461,Sistema,7832288700,2020-06-27
2462,Sistema,7985399500,2020-06-28
2463,Sistema,8028928000,2020-06-29
2464,Sistema,8053120600,2020-06-30
2465,Sistema,8104476300,2020-07-01
2466,Sistema,8293075100,2020-07-02
2467,Sistema,8389608800,2020-07-03
2468,Sistema,8637366600,2020-07-04
2469,Sistema,8842627200,2020-07-05
2470,Sistema,8935099300,2020-07-06
2471,Sistema,9016761100,2020-07-07
2472,Sistema,9103798300,2020-07-08
2473,Sistema,9214621700,2020-07-09
2474,Sistema,9264022300,2020-07-10
2475,Sistema,9395785100,2020-07-11
2476,Sistema,9467431600,2020-07-12
2477,Sistema,9523162000,2020-07-13
2478,Sistema,9595581700,2020-07-14
2479,Sistema,9609997900,2020-07-15
2480,Sistema,9637895900,2020-07-16
2481,Sistema,9655784800,2020-07-17
2482,Sistema,9652752600,2020-07-18
2483,Sistema,9666150400,2020-07-19
2484,Sistema,9677676700,2020-07-20
2485,Sistema,9699986500,2020-07-21
2486,Sistema,9730548500,2020-07-22
2487,Sistema,9758605400,2020-07-23
2488,Sistema,9875229600,2020-07-24
2489,Sistema,10148018800,2020-07-25
2490,Sistema,10282287600,2020-07-26
2491,Sistema,10441172500,2020-07-27
2492,Sistema,10521784000,2020-07-28
2493,Sistema,10542487800,2020-07-29
2494,Sistema,10591791200,2020-07-30
2495,Sistema,10610971400,2020-07-31
2496,Sistema,10619792700,2020-08-01
2497,Sistema,10611107300,2020-08-02
2498,Sistema,10572002800,2020-08-03
2499,Sistema,10527222900,2020-08-04
2500,Sistema,10485021400,2020-08-05
2501,Sistema,10453632500,2020-08-06
2502,Sistema,10428933300,2020-08-07
2503,Sistema,10473416000,2020-08-08
2504,Sistema,10466917700,2020-08-09
2505,Sistema,10435732100,2020-08-10
2506,Sistema,10417421500,2020-08-11
2507,Sistema,10410268000,2020-08-12
2508,Sistema,10457338200,2020-08-13
2509,Sistema,10519057700,2020-08-14
2510,Sistema,10567812200,2020-08-15
2511,Sistema,10615492100,2020-08-16
2512,Sistema,10676786700,2020-08-17
2513,Sistema,10659681700,2020-08-18
2514,Sistema,10653620500,2020-08-19
2515,Sistema,10731452000,2020-08-20
2516,Sistema,10780382300,2020-08-21
2517,Sistema,10893042100,2020-08-22
2518,Sistema,10968993600,2020-08-23
2519,Sistema,10999148400,2020-08-24
2520,Sistema,11049504800,2020-08-25
2521,Sistema,11070392300,2020-08-26
2522,Sistema,11051095600,2020-08-27
2523,Sistema,11063099700,2020-08-28
2524,Sistema,11032324200,2020-08-29
2525,Sistema,11036957600,2020-08-30
2526,Sistema,10993123700,2020-08-31
2527,Sistema,10988001600,2020-09-01
2528,Sistema,10992596600,2020-09-02
2529,Sistema,10986997200,2020-09-03
2530,Sistema,11041239800,2020-09-04
2531,Sistema,11089497300,2020-09-05
2532,Sistema,11150445900,2020-09-06
2533,Sistema,11164712400,2020-09-07
2534,Sistema,11319384300,2020-09-08
2535,Sistema,11325924700,2020-09-09
2536,Sistema,11325519200,2020-09-10
2537,Sistema,11316067400,2020-09-11
2538,Sistema,11343237600,2020-09-12
2539,Sistema,11363712400,2020-09-13
2540,Sistema,11356755000,2020-09-14
2541,Sistema,11338782400,2020-09-15
2542,Sistema,11344249900,2020-09-16
2543,Sistema,11336418700,2020-09-17
2544,Sistema,11385412700,2020-09-18
2545,Sistema,11446226500,2020-09-19
2546,Sistema,11515951700,2020-09-20
2547,Sistema,11566625300,2020-09-21
2548,Sistema,11598489900,2020-09-22
2549,Sistema,11631312800,2020-09-23
2550,Sistema,11650265300,2020-09-24
2551,Sistema,11662544500,2020-09-25
2552,Sistema,11676977700,2020-09-26
2553,Sistema,11717973000,2020-09-27
2554,Sistema,11701275400,2020-09-28
2555,Sistema,11676774000,2020-09-29
2556,Sistema,11696674200,2020-09-30
2557,Sistema,11684803600,2020-10-01
2558,Sistema,11685143100,2020-10-02
2559,Sistema,11649381800,2020-10-03
2560,Sistema,11725144400,2020-10-04
2561,Sistema,11726060300,2020-10-05
2562,Sistema,11759633300,2020-10-06
2563,Sistema,11733276800,2020-10-07
2564,Sistema,11732474700,2020-10-08
2565,Sistema,11732281900,2020-10-09
2566,Sistema,11709901600,2020-10-10
2567,Sistema,11671670700,2020-10-11
2568,Sistema,11655512400,2020-10-12
2569,Sistema,11667256200,2020-10-13
2570,Sistema,11675581100,2020-10-14
2571,Sistema,11647996400,2020-10-15
2572,Sistema,11615358900,2020-10-16
2573,Sistema,11575339400,2020-10-17
2574,Sistema,11572090700,2020-10-18
2575,Sistema,11556592300,2020-10-19
2576,Sistema,11517431300,2020-10-20
2577,Sistema,11483559200,2020-10-21
2578,Sistema,11497870100,2020-10-22
2579,Sistema,11483428600,2020-10-23
2580,Sistema,11536975300,2020-10-24
2581,Sistema,11536361700,2020-10-25
2582,Sistema,11517594200,2020-10-26
2583,Sistema,11472944600,2020-10-27
2584,Sistema,11454777300,2020-10-28
2585,Sistema,11431772800,2020-10-29
2586,Sistema,11389142700,2020-10-30
2587,Sistema,11498831000,2020-10-31
2588,Sistema,11676045000,2020-11-01
2589,Sistema,11702859500,2020-11-02
2590,Sistema,11714768600,2020-11-03
2591,Sistema,11703602800,2020-11-04
2592,Sistema,11718728300,2020-11-05
2593,Sistema,11753286600,2020-11-06
2594,Sistema,11757091200,2020-11-07
2595,Sistema,11791355900,2020-11-08
2596,Sistema,11786934300,2020-11-09
2597,Sistema,11842220800,2020-11-10
2598,Sistema,12022020200,2020-11-11
2599,Sistema,12102760100,2020-11-12
2600,Sistema,12306993200,2020-11-13
2601,Sistema,12441919900,2020-11-14
2602,Sistema,12535272000,2020-11-15
2603,Sistema,12646015000,2020-11-16
2604,Sistema,12719178900,2020-11-17
2605,Sistema,12823648300,2020-11-18
2606,Sistema,12869123900,2020-11-19
2607,Sistema,12869525700,2020-11-20
2608,Sistema,12905680200,2020-11-21
2609,Sistema,12924859800,2020-11-22
2610,Sistema,12910292100,2020-11-23
2611,Sistema,12900196800,2020-11-24
2612,Sistema,12872504300,2020-11-25
2613,Sistema,12860939200,2020-11-26
2614,Sistema,12791897300,2020-11-27
2615,Sistema,12929555600,2020-11-28
2616,Sistema,12993958900,2020-11-29
2617,Sistema,12971922100,2020-11-30
2618,Sistema,12961778700,2020-12-01
2619,Sistema,12966947700,2020-12-02
2620,Sistema,13035773900,2020-12-03
2621,Sistema,13020341300,2020-12-04
2622,Sistema,12994430400,2020-12-05
2623,Sistema,13007256800,2020-12-06
2624,Sistema,12981152000,2020-12-07
2625,Sistema,12959186200,2020-12-08
2626,Sistema,12884375000,2020-12-09
2627,Sistema,12850088800,2020-12-10
2628,Sistema,12768674600,2020-12-11
2629,Sistema,12707059900,2020-12-12
2630,Sistema,12665101200,2020-12-13
2631,Sistema,12600925500,2020-12-14
2632,Sistema,12561372500,2020-12-15
2633,Sistema,12509228800,2020-12-16
2634,Sistema,12454254000,2020-12-17
2635,Sistema,12407537100,2020-12-18
2636,Sistema,12372511000,2020-12-19
2637,Sistema,12364250200,2020-12-20
2638,Sistema,12273286600,2020-12-21
2639,Sistema,12276929000,2020-12-22
2640,Sistema,12226734500,2020-12-23
2641,Sistema,12212373400,2020-12-24
2642,Sistema,12259422700,2020-12-25
2643,Sistema,12278883800,2020-12-26
2644,Sistema,12265948600,2020-12-27
2645,Sistema,12246116100,2020-12-28
2646,Sistema,12212356700,2020-12-29
2647,Sistema,12180214100,2020-12-30
2648,Sistema,12165376700,2020-12-31
2649,Sistema,12171761700,2021-01-01
2650,Sistema,12162106100,2021-01-02
2651,Sistema,12162884000,2021-01-03
2652,Sistema,12119595700,2021-01-04
